,Province,Pollutant,Year,Value,Per Capita,By Capita
0,AB,NH3,1990,95261.6403072018,2540901.75,0.03749127265830007
1,AB,CO,1990,1810389.43111,2540901.75,0.7124987934342601
2,AB,SOX,1990,512405.17695316,2540901.75,0.20166272739713764
3,AB,NOX,1990,613284.286308138,2540901.75,0.24136481715915936
4,AB,VOC,1990,643752.225882095,2540901.75,0.25335581192074624
5,BC,NH3,1990,22995.98762586,3282328.5,0.007005998219209321
6,BC,CO,1990,2340343.89807514,3282328.5,0.7130133068872113
7,BC,SOX,1990,110747.399637798,3282328.5,0.03374049844121269
8,BC,NOX,1990,285967.668928385,3282328.5,0.08712341526096033
9,BC,VOC,1990,374973.17600456,3282328.5,0.1142399903009586
10,ON,NH3,1990,110519.63110678,10267344.75,0.01076418819060108
11,ON,CO,1990,3269271.42988712,10267344.75,0.31841449853791265
12,ON,SOX,1990,1123223.48280118,10267344.75,0.10939765929269883
13,ON,NOX,1990,602616.544802302,10267344.75,0.05869254023074486
14,ON,VOC,1990,852779.352665704,10267344.75,0.08305743825984843
15,MB,NH3,1990,38047.3103045138,1104301.5,0.03445373415187229
16,MB,CO,1990,385835.591845711,1104301.5,0.3493933421676155
17,MB,SOX,1990,509138.983641069,1104301.5,0.4610507036720216
18,MB,NOX,1990,72575.499647239,1104301.5,0.06572072902847548
19,MB,VOC,1990,96063.6932587365,1104301.5,0.08699045800330481
20,NB,NH3,1990,4594.71677951292,739547.0,0.0062128800191372825
21,NB,CO,1990,316112.672711929,739547.0,0.427440950625084
22,NB,SOX,1990,109313.504842129,739547.0,0.14781143705826538
23,NB,NOX,1990,78725.0492842005,739547.0,0.10645036662200036
24,NB,VOC,1990,82132.9747951239,739547.0,0.11105849228666183
25,NS,NH3,1990,4863.27143532183,909509.5,0.005347136489857258
26,NS,CO,1990,308496.777655717,909509.5,0.33919027525904566
27,NS,SOX,1990,203152.189724446,909509.5,0.2233645604850153
28,NS,NOX,1990,82882.7751581674,909509.5,0.09112909228344222
29,NS,VOC,1990,70235.7677984202,909509.5,0.07722378688559076
30,QC,NH3,1990,64955.9860256586,6986226.5,0.009297721169741435
31,QC,CO,1990,2255181.20750204,6986226.5,0.3228039067301984
32,QC,SOX,1990,246885.765175183,6986226.5,0.03533892941707272
33,QC,NOX,1990,311649.667127366,6986226.5,0.044609155905175134
34,QC,VOC,1990,492882.418225595,6986226.5,0.07055059240143374
35,SK,NH3,1990,48590.7790951924,1008330.5,0.048189337816511954
36,SK,CO,1990,522634.282653415,1008330.5,0.5183164474876194
37,SK,SOX,1990,102941.057734678,1008330.5,0.10209059205754265
38,SK,NOX,1990,149297.990635742,1008330.5,0.14806453899365535
39,SK,VOC,1990,186864.347508671,1008330.5,0.18532053479357313
40,NL,NH3,1990,1029.0776493363,576981.5,0.0017835539776167868
41,NL,CO,1990,185455.85339463,576981.5,0.3214242629869935
42,NL,SOX,1990,68820.8237423237,576981.5,0.11927734900048563
43,NL,NOX,1990,52041.8511237401,576981.5,0.09019674135780802
44,NL,VOC,1990,45933.0180313649,576981.5,0.07960916949913456
45,PE,NH3,1990,3416.79920391971,130393.75,0.026203703811875263
46,PE,CO,1990,54865.8351885868,130393.75,0.42077043714585094
47,PE,SOX,1990,3422.95354821019,130393.75,0.026250901965854882
48,PE,NOX,1990,6715.25744306719,130393.75,0.05149984138861863
49,PE,VOC,1990,10543.3995689278,130393.75,0.0808581666600416
50,AB,NH3,1991,96392.6120160835,2587477.25,0.03725351093080471
51,AB,CO,1991,1674240.47593966,2587477.25,0.647055148384265
52,AB,SOX,1991,524144.18481018,2587477.25,0.20256958193938904
53,AB,NOX,1991,585705.325771787,2587477.25,0.22636153642386111
54,AB,VOC,1991,624633.776990753,2587477.25,0.2414064807683828
55,BC,NH3,1991,22310.886792502,3367589.0,0.006625181039759305
56,BC,CO,1991,2353114.49948287,3367589.0,0.6987534700591046
57,BC,SOX,1991,90689.8452481818,3367589.0,0.02693019998823544
58,BC,NOX,1991,270828.072928627,3367589.0,0.08042194962883743
59,BC,VOC,1991,376762.866466494,3367589.0,0.11187911187098366
60,ON,NH3,1991,106799.951320604,10409479.0,0.01025987480455112
61,ON,CO,1991,3288745.97140087,10409479.0,0.31593761526401754
62,ON,SOX,1991,1040496.87936647,10409479.0,0.09995667212225223
63,ON,NOX,1991,592159.295434953,10409479.0,0.05688654498798191
64,ON,VOC,1991,837014.542368464,10409479.0,0.08040887948075634
65,MB,NH3,1991,40181.5562691484,1108239.25,0.03625711349706158
66,MB,CO,1991,381827.235153288,1108239.25,0.3445350226977505
67,MB,SOX,1991,403160.055828105,1108239.25,0.36378431446829285
68,MB,NOX,1991,67553.4504986966,1108239.25,0.060955656009022065
69,MB,VOC,1991,94911.7642805344,1108239.25,0.08564194444523995
70,NB,NH3,1991,4562.91818368059,744716.5,0.006127053964402011
71,NB,CO,1991,307409.618602214,744716.5,0.41278744139845697
72,NB,SOX,1991,110056.438067994,744716.5,0.14778299939372097
73,NB,NOX,1991,74449.4628845198,744716.5,0.09997020729971715
74,NB,VOC,1991,80675.1116963263,744716.5,0.1083299640820719
75,NS,NH3,1991,4869.61869781868,914386.5,0.0053255583911384075
76,NS,CO,1991,290043.718832773,914386.5,0.3172003510908932
77,NS,SOX,1991,201247.821056186,914386.5,0.2200905427367814
78,NS,NOX,1991,80651.3657729278,914386.5,0.08820270834371222
79,NS,VOC,1991,67949.8932218422,914386.5,0.07431200397407682
80,QC,NH3,1991,63516.8943438131,7054592.0,0.009003624071216748
81,QC,CO,1991,2215428.31306636,7054592.0,0.3140406012234811
82,QC,SOX,1991,221217.150813904,7054592.0,0.03135789437771937
83,QC,NOX,1991,289613.03717466,7054592.0,0.0410531235788916
84,QC,VOC,1991,472392.825775763,7054592.0,0.06696245874683653
85,SK,NH3,1991,47709.029614817,1002295.5,0.04759976435573841
86,SK,CO,1991,524080.49341476,1002295.5,0.5228802218654678
87,SK,SOX,1991,108870.021337533,1002295.5,0.10862068256071489
88,SK,NOX,1991,156365.816427142,1002295.5,0.15600770075007023
89,SK,VOC,1991,188049.558731351,1002295.5,0.1876188795932447
90,NL,NH3,1991,1013.3474786699,578741.75,0.0017509493287289194
91,NL,CO,1991,175977.867165297,578741.75,0.3040697636990886
92,NL,SOX,1991,69891.7713003819,578741.75,0.12076504123018927
93,NL,NOX,1991,48559.8762151526,578741.75,0.0839059497870209
94,NL,VOC,1991,45440.4258130683,578741.75,0.07851589385605635
95,PE,NH3,1991,3366.54721869507,130414.75,0.025814159968063966
96,PE,CO,1991,52194.0685480893,130414.75,0.40021599204146235
97,PE,SOX,1991,3452.20949587008,130414.75,0.026471004973517797
98,PE,NOX,1991,6623.13257000985,130414.75,0.05078514945594612
99,PE,VOC,1991,10265.5391626281,130414.75,0.0787145561573986
100,AB,NH3,1992,100809.748597631,2627162.5,0.03837210244803319
101,AB,CO,1992,1694347.04215079,2627162.5,0.6449342369003783
102,AB,SOX,1992,564717.776802336,2627162.5,0.21495350089776935
103,AB,NOX,1992,609463.591567837,2627162.5,0.23198549445184188
104,AB,VOC,1992,642477.562274331,2627162.5,0.24455189287846907
105,BC,NH3,1992,22883.1150417984,3459366.25,0.006614828667475842
106,BC,CO,1992,2155699.79068061,3459366.25,0.6231487604646111
107,BC,SOX,1992,79350.3244725266,3459366.25,0.022937821189799316
108,BC,NOX,1992,262126.87054053,3459366.25,0.0757730900972194
109,BC,VOC,1992,355183.10665247,3459366.25,0.10267288311911756
110,ON,NH3,1992,105418.737972266,10549809.5,0.009992477871023737
111,ON,CO,1992,3289638.04564869,10549809.5,0.31181966325066723
112,ON,SOX,1992,850087.384795778,10549809.5,0.08057845829308842
113,ON,NOX,1992,606058.526112326,10549809.5,0.05744734311196102
114,ON,VOC,1992,839444.093446961,10549809.5,0.07956959729433608
115,MB,NH3,1992,41774.5039242114,1111731.5,0.03757607293146897
116,MB,CO,1992,378385.286205755,1111731.5,0.34035671941089646
117,MB,SOX,1992,418284.36050104,1111731.5,0.37624584758193863
118,MB,NOX,1992,66834.4039186992,1111731.5,0.06011739697822649
119,MB,VOC,1992,94467.1966338162,1111731.5,0.08497303227786224
120,NB,NH3,1992,4680.08345359203,747417.5,0.006261672296396633
121,NB,CO,1992,312825.532824996,747417.5,0.41854188967343686
122,NB,SOX,1992,114230.050707715,747417.5,0.15283298920310937
123,NB,NOX,1992,72756.8390047243,747417.5,0.09734430757203878
124,NB,VOC,1992,81860.910406052,747417.5,0.10952501166490215
125,NS,NH3,1992,4881.46973860153,918981.75,0.005311824460715928
126,NS,CO,1992,295894.008613189,918981.75,0.3219802880886252
127,NS,SOX,1992,201242.072808068,918981.75,0.21898375327700254
128,NS,NOX,1992,82759.1055347035,918981.75,0.09005522202666538
129,NS,VOC,1992,69762.9975880046,918981.75,0.07591336562233646
130,QC,NH3,1992,63299.3127083,7104605.5,0.008909616826479668
131,QC,CO,1992,2298285.48908504,7104605.5,0.32349234437929597
132,QC,SOX,1992,221317.198002324,7104605.5,0.03115122972026019
133,QC,NOX,1992,297238.187060548,7104605.5,0.04183739506163263
134,QC,VOC,1992,484589.355838839,7104605.5,0.06820777815725856
135,SK,NH3,1992,54501.964093083,1002730.5,0.054353551720111234
136,SK,CO,1992,521731.804297244,1002730.5,0.5203110948527486
137,SK,SOX,1992,113684.254806014,1002730.5,0.11337468522799894
138,SK,NOX,1992,160623.358046233,1002730.5,0.16018597025445322
139,SK,VOC,1992,193020.941156593,1002730.5,0.19249533265079002
140,NL,NH3,1992,1025.21333718283,579729.75,0.0017684332004400843
141,NL,CO,1992,175495.780340818,579729.75,0.30271998347646983
142,NL,SOX,1992,84834.1880551771,579729.75,0.14633402556135355
143,NL,NOX,1992,48010.3120325401,579729.75,0.08281498755677125
144,NL,VOC,1992,45773.9266210953,579729.75,0.07895735318240145
145,PE,NH3,1992,3359.16478401912,130861.0,0.025669716600202657
146,PE,CO,1992,52456.6198242899,130861.0,0.40085754979932825
147,PE,SOX,1992,3116.65213463588,130861.0,0.02381650862087161
148,PE,NOX,1992,6335.02586096481,130861.0,0.04841034273744515
149,PE,VOC,1992,10305.102547538,130861.0,0.07874846247192058
150,AB,NH3,1993,102888.757346287,2663773.5,0.03862518992184846
151,AB,CO,1993,1670384.18553975,2663773.5,0.6270744061158916
152,AB,SOX,1993,571473.902885045,2663773.5,0.21453547115963315
153,AB,NOX,1993,640884.40812074,2663773.5,0.24059268106719284
154,AB,VOC,1993,654384.418252455,2663773.5,0.24566068333229343
155,BC,NH3,1993,23423.8931662309,3558490.75,0.006582535915326154
156,BC,CO,1993,2363510.21170183,3558490.75,0.6641889435013509
157,BC,SOX,1993,77422.0600451359,3558490.75,0.02175699347964749
158,BC,NOX,1993,271899.114584623,3558490.75,0.076408548928959
159,BC,VOC,1993,390269.150395119,3558490.75,0.10967266119635663
160,ON,NH3,1993,102878.113220141,10676423.25,0.009636009252456433
161,ON,CO,1993,3326173.15772591,10676423.25,0.31154377077790635
162,ON,SOX,1993,747965.706728673,10676423.25,0.07005770464642014
163,ON,NOX,1993,595369.984114078,10676423.25,0.055764928962897566
164,ON,VOC,1993,854684.670648194,10676423.25,0.08005346459528888
165,MB,NH3,1993,43219.5541358711,1116488.75,0.038710245970567186
166,MB,CO,1993,367876.472342666,1116488.75,0.32949411477963036
167,MB,SOX,1993,400387.85055396,1116488.75,0.3586134213658311
168,MB,NOX,1993,67323.1494239292,1116488.75,0.06029899488367366
169,MB,VOC,1993,92680.3363286771,1116488.75,0.08301054204861187
170,NB,NH3,1993,4605.94942864521,748619.5,0.0061525907736109066
171,NB,CO,1993,312535.818706946,748619.5,0.41748287174852644
172,NB,SOX,1993,113880.557861492,748619.5,0.1521207474043783
173,NB,NOX,1993,69940.4768748223,748619.5,0.09342593517110134
174,NB,VOC,1993,82289.3915954814,748619.5,0.10992151766749517
175,NS,NH3,1993,4836.53656523967,923593.25,0.005236652135818089
176,NS,CO,1993,298476.738630165,923593.25,0.32316903423684074
177,NS,SOX,1993,197334.742093504,923593.25,0.21365979243947916
178,NS,NOX,1993,83771.8156806876,923593.25,0.09070206574234665
179,NS,VOC,1993,70367.1550032889,923593.25,0.07618846824972887
180,QC,NH3,1993,63611.113258755,7153278.5,0.00889258166849718
181,QC,CO,1993,2312404.51005917,7153278.5,0.32326499101903694
182,QC,SOX,1993,226551.461811425,7153278.5,0.03167099698570732
183,QC,NOX,1993,306147.106578487,7153278.5,0.04279815284397035
184,QC,VOC,1993,494988.196609472,7153278.5,0.06919738922641863
185,SK,NH3,1993,56397.9166857651,1005599.0,0.05608390291335324
186,SK,CO,1993,525049.276529875,1005599.0,0.5221258936513212
187,SK,SOX,1993,121946.531109631,1005599.0,0.12126755407436861
188,SK,NOX,1993,170585.807029088,1005599.0,0.16963601498120823
189,SK,VOC,1993,203188.145613618,1005599.0,0.2020568294256637
190,NL,NH3,1993,1014.07475566679,579839.75,0.001748887956830814
191,NL,CO,1993,180986.309189542,579839.75,0.31213160048020505
192,NL,SOX,1993,102015.779909489,579839.75,0.17593788613058867
193,NL,NOX,1993,49869.8024619507,579839.75,0.08600618095249712
194,NL,VOC,1993,46310.0271435925,579839.75,0.0798669410705156
195,PE,NH3,1993,3324.91451631307,132010.25,0.02518679054325759
196,PE,CO,1993,50111.0734702766,132010.25,0.3795998679668935
197,PE,SOX,1993,3126.96421575931,132010.25,0.023687283493208366
198,PE,NOX,1993,6435.14439302231,132010.25,0.048747308584161535
199,PE,VOC,1993,10242.5777891861,132010.25,0.07758926135800893
200,AB,NH3,1994,108909.29619548,2696101.5,0.040395102408229064
201,AB,CO,1994,1713860.13181427,2696101.5,0.6356808643199339
202,AB,SOX,1994,594900.160427548,2696101.5,0.22065198970719313
203,AB,NOX,1994,692547.095770932,2696101.5,0.25686981583257606
204,AB,VOC,1994,669557.452773095,2696101.5,0.2483428212079905
205,BC,NH3,1994,23446.1514055948,3664473.0,0.006398232816995732
206,BC,CO,1994,2295989.70353345,3664473.0,0.6265538601412672
207,BC,SOX,1994,88186.6621085845,3664473.0,0.024065305463728207
208,BC,NOX,1994,294263.944805499,3664473.0,0.08030184553290445
209,BC,VOC,1994,376905.415140029,3664473.0,0.10285392064289435
210,ON,NH3,1994,103764.417198711,10800283.25,0.009607564431119063
211,ON,CO,1994,3239036.02112989,10800283.25,0.29990287718888203
212,ON,SOX,1994,556036.645669507,10800283.25,0.05148352434826253
213,ON,NOX,1994,599959.493679771,10800283.25,0.05555034805960028
214,ON,VOC,1994,848712.104527491,10800283.25,0.07858239315413242
215,MB,NH3,1994,44933.5972465872,1121910.0,0.04005098202760221
216,MB,CO,1994,368519.768193883,1121910.0,0.32847533954941394
217,MB,SOX,1994,382546.693536874,1121910.0,0.3409780584332736
218,MB,NOX,1994,70904.853820492,1121910.0,0.06320012640986532
219,MB,VOC,1994,94458.8455665962,1121910.0,0.08419467298321273
220,NB,NH3,1994,4901.95006282129,749964.75,0.006536240620404212
221,NB,CO,1994,309960.360497155,749964.75,0.413299905758444
222,NB,SOX,1994,115683.041156083,749964.75,0.15425130468609757
223,NB,NOX,1994,70306.5808953268,749964.75,0.09374651394659123
224,NB,VOC,1994,82626.2094850151,749964.75,0.11017345746585437
225,NS,NH3,1994,4802.60264693997,926652.5,0.005182743959510141
226,NS,CO,1994,294119.717189675,926652.5,0.31740023060389416
227,NS,SOX,1994,201611.558680185,926652.5,0.2175697563867631
228,NS,NOX,1994,86011.8786404563,926652.5,0.09281999308312047
229,NS,VOC,1994,70501.3596683081,926652.5,0.07608176707914574
230,QC,NH3,1994,64252.0509216358,7189007.75,0.008937540917470259
231,QC,CO,1994,2282286.2071381,7189007.75,0.31746887560916875
232,QC,SOX,1994,226734.063245546,7189007.75,0.031538992741459486
233,QC,NOX,1994,325616.349610605,7189007.75,0.045293642868948776
234,QC,VOC,1994,500847.802386956,7189007.75,0.06966855786001287
235,SK,NH3,1994,61236.348511747,1009113.25,0.060683326189351884
236,SK,CO,1994,539622.633783978,1009113.25,0.5347493294573012
237,SK,SOX,1994,130662.077698764,1009113.25,0.1294820751771558
238,SK,NOX,1994,178368.189037892,1009113.25,0.17675735507178408
239,SK,VOC,1994,219950.417012375,1009113.25,0.21796405607831926
240,NL,NH3,1994,1010.40703741658,574833.0,0.0017577401391649053
241,NL,CO,1994,177569.028239965,574833.0,0.308905418164867
242,NL,SOX,1994,51283.929508207,574833.0,0.0892153538648738
243,NL,NOX,1994,49464.5915342602,574833.0,0.08605036860142025
244,NL,VOC,1994,45752.083635223,574833.0,0.07959195737757402
245,PE,NH3,1994,3384.3542330717,133254.75,0.025397625473551226
246,PE,CO,1994,50962.3800059063,133254.75,0.3824432525362608
247,PE,SOX,1994,3120.40847058259,133254.75,0.023416864844086907
248,PE,NOX,1994,6958.9173038114,133254.75,0.05222265850794362
249,PE,VOC,1994,10358.1696607668,133254.75,0.07773208580382163
250,AB,NH3,1995,117873.246725767,2730105.25,0.043175348908532744
251,AB,CO,1995,1699241.95442997,2730105.25,0.6224089545375475
252,AB,SOX,1995,569212.579973766,2730105.25,0.20849473842584126
253,AB,NOX,1995,718124.92776215,2730105.25,0.26303928310534913
254,AB,VOC,1995,679792.446419822,2730105.25,0.2489986224596367
255,BC,NH3,1995,24276.1421233274,3766198.0,0.006445795500748341
256,BC,CO,1995,2238613.93624961,3766198.0,0.5943962415809285
257,BC,SOX,1995,82358.9697832929,3766198.0,0.021867934129669468
258,BC,NOX,1995,296947.832724704,3766198.0,0.07884551813916953
259,BC,VOC,1995,379776.996750471,3766198.0,0.10083829813261837
260,ON,NH3,1995,109428.905181405,10931434.5,0.010010479885453734
261,ON,CO,1995,3253013.43394121,10931434.5,0.2975833989529197
262,ON,SOX,1995,581346.571754343,10931434.5,0.05318117871486519
263,ON,NOX,1995,619114.725280765,10931434.5,0.056636183044481946
264,ON,VOC,1995,827717.179727784,10931434.5,0.07571899001249872
265,MB,NH3,1995,47688.5852062419,1127719.5,0.0422876302185445
266,MB,CO,1995,372921.37264607,1127719.5,0.33068628559324376
267,MB,SOX,1995,363942.773902644,1127719.5,0.32272455508895964
268,MB,NOX,1995,73502.2244790946,1127719.5,0.06517775429004695
269,MB,VOC,1995,95890.4647261974,1127719.5,0.08503042177261048
270,NB,NH3,1995,5186.89203297368,750907.0,0.006907502570855885
271,NB,CO,1995,298111.660875286,750907.0,0.39700210661944285
272,NB,SOX,1995,116405.976505789,750907.0,0.1550204972197476
273,NB,NOX,1995,67899.6213030197,750907.0,0.09042347628004492
274,NB,VOC,1995,80938.1989008094,750907.0,0.10778724782271226
275,NS,NH3,1995,4875.3957824134,928296.0,0.005251984046482372
276,NS,CO,1995,290068.21427313,928296.0,0.312473838380355
277,NS,SOX,1995,186974.857933717,928296.0,0.20141728277803309
278,NS,NOX,1995,86280.9816493425,928296.0,0.09294554931761259
279,NS,VOC,1995,70547.2938074358,928296.0,0.07599655046174474
280,QC,NH3,1995,66821.0514358338,7215799.5,0.009260380840104245
281,QC,CO,1995,2222953.57629972,7215799.5,0.3080675365633039
282,QC,SOX,1995,379613.367167781,7215799.5,0.052608635698342364
283,QC,NOX,1995,329923.783919909,7215799.5,0.045722415640832174
284,QC,VOC,1995,498088.027776642,7215799.5,0.06902742070045627
285,SK,NH3,1995,66075.7836964964,1013528.75,0.06519379316718583
286,SK,CO,1995,526100.877577241,1013528.75,0.5190783957309953
287,SK,SOX,1995,134968.271850206,1013528.75,0.1331666929529192
288,SK,NOX,1995,182281.063548068,1013528.75,0.17984794565331078
289,SK,VOC,1995,227211.901645597,1013528.75,0.22417903946542908
290,NL,NH3,1995,1025.47124881163,568009.0,0.0018053785218396714
291,NL,CO,1995,169600.153559072,568009.0,0.2985870885128088
292,NL,SOX,1995,66936.5425621616,568009.0,0.1178441583886199
293,NL,NOX,1995,50083.2625594232,568009.0,0.08817336091404045
294,NL,VOC,1995,45487.7949901805,568009.0,0.08008287719064398
295,PE,NH3,1995,3500.19393766606,134405.25,0.02604209238601959
296,PE,CO,1995,49883.8397816712,134405.25,0.3711450243325406
297,PE,SOX,1995,2278.90112138091,134405.25,0.016955447211927436
298,PE,NOX,1995,7024.50600923459,134405.25,0.05226362816359175
299,PE,VOC,1995,10416.0301230138,134405.25,0.07749719689531323
300,AB,NH3,1996,123629.070648118,2770297.5,0.044626640513561446
301,AB,CO,1996,1707362.43286568,2770297.5,0.616310137400651
302,AB,SOX,1996,556679.129617835,2770297.5,0.20094561310394823
303,AB,NOX,1996,749396.467537041,2770297.5,0.27051118789120704
304,AB,VOC,1996,708522.408799455,2770297.5,0.2557567946400901
305,BC,NH3,1996,24313.75441344,3862539.75,0.006294758368102231
306,BC,CO,1996,2110270.19513658,3862539.75,0.5463426480301155
307,BC,SOX,1996,78644.3073207129,3862539.75,0.020360776176015512
308,BC,NOX,1996,306607.279221647,3862539.75,0.0793797084474398
309,BC,VOC,1996,364154.090672387,3862539.75,0.09427840598207099
310,ON,NH3,1996,111342.894594109,11065044.0,0.010062580374204478
311,ON,CO,1996,3172824.39225029,11065044.0,0.28674304343030993
312,ON,SOX,1996,599945.194104195,11065044.0,0.054219865199288404
313,ON,NOX,1996,634392.409720649,11065044.0,0.05733302187688084
314,ON,VOC,1996,815217.142515408,11065044.0,0.07367500233305968
315,MB,NH3,1996,49703.1898412789,1132782.0,0.04387710066127366
316,MB,CO,1996,360011.184067182,1132782.0,0.3178115330815479
317,MB,SOX,1996,363475.302668242,1132782.0,0.3208695959754322
318,MB,NOX,1996,72193.0219118398,1132782.0,0.06373072834123406
319,MB,VOC,1996,95768.2670927393,1132782.0,0.08454253959962227
320,NB,NH3,1996,5046.90492167546,752061.75,0.006710758686604471
321,NB,CO,1996,299075.921348076,752061.75,0.397674687415064
322,NB,SOX,1996,117203.080577593,752061.75,0.15584236344634333
323,NB,NOX,1996,71376.1860156218,752061.75,0.09490734772194145
324,NB,VOC,1996,80181.4954564024,752061.75,0.10661557439452597
325,NS,NH3,1996,4890.83616761603,930826.5,0.005254294079096405
326,NS,CO,1996,280482.071687272,930826.5,0.3013258342851992
327,NS,SOX,1996,201050.946129221,930826.5,0.21599185898684772
328,NS,NOX,1996,86220.6044428591,930826.5,0.09262800795084701
329,NS,VOC,1996,69152.3170394947,930826.5,0.07429130674674034
330,QC,NH3,1996,68489.4994115454,7243693.0,0.00945505274885965
331,QC,CO,1996,2160860.58092404,7243693.0,0.2983092437688952
332,QC,SOX,1996,367929.851783652,7243693.0,0.05079313159512033
333,QC,NOX,1996,332898.888527481,7243693.0,0.04595706755207337
334,QC,VOC,1996,485340.908092912,7243693.0,0.06700186052789812
335,SK,NH3,1996,71305.1203470199,1018105.75,0.07003704708181827
336,SK,CO,1996,529501.9113524,1018105.75,0.520085375563786
337,SK,SOX,1996,134391.307239925,1018105.75,0.1320013242631475
338,SK,NOX,1996,181336.559223897,1018105.75,0.1781117130748913
339,SK,VOC,1996,239284.910435504,1018105.75,0.23502952462011337
340,NL,NH3,1996,1029.55631791277,560576.0,0.0018366043460882559
341,NL,CO,1996,163410.552403578,560576.0,0.2915047244326871
342,NL,SOX,1996,73539.1486857715,560576.0,0.13118497525004907
343,NL,NOX,1996,50847.5588821717,560576.0,0.09070591477725001
344,NL,VOC,1996,44302.8446168665,560576.0,0.07903093356987545
345,PE,NH3,1996,3526.71755822344,135542.75,0.026019226835986727
346,PE,CO,1996,49569.0641451638,135542.75,0.36570797143457545
347,PE,SOX,1996,3107.51216555965,135542.75,0.02292643587030402
348,PE,NOX,1996,7377.44056025994,135542.75,0.05442888358292819
349,PE,VOC,1996,10352.3577731403,135542.75,0.07637706755352315
350,AB,NH3,1997,126274.333185743,2822523.0,0.04473810600861109
351,AB,CO,1997,1747506.53522988,2822523.0,0.6191292454410043
352,AB,SOX,1997,522989.264001654,2822523.0,0.18529140914056466
353,AB,NOX,1997,815873.317241737,2822523.0,0.28905816435924064
354,AB,VOC,1997,678362.261827271,2822523.0,0.24033896688433398
355,BC,NH3,1997,24261.030715911,3939701.5,0.006158088554655982
356,BC,CO,1997,2027978.9638128,3939701.5,0.5147544715793315
357,BC,SOX,1997,82107.3215675099,3939701.5,0.020841000661473947
358,BC,NOX,1997,316168.481311414,3939701.5,0.08025188743650095
359,BC,VOC,1997,354883.302639578,3939701.5,0.09007872871576134
360,ON,NH3,1997,109043.284612472,11208193.25,0.009728890480405662
361,ON,CO,1997,3172562.73411307,11208193.25,0.2830574619252813
362,ON,SOX,1997,597581.83909303,11208193.25,0.05331651817236734
363,ON,NOX,1997,673575.304626051,11208193.25,0.060096689056110895
364,ON,VOC,1997,805333.822897765,11208193.25,0.07185224281333345
365,MB,NH3,1997,51391.9282514993,1135655.0,0.04525311670489656
366,MB,CO,1997,342651.545405868,1135655.0,0.30172151349297804
367,MB,SOX,1997,363010.75366499,1135655.0,0.3196487962145106
368,MB,NOX,1997,73438.9717528475,1135655.0,0.06466662124751575
369,MB,VOC,1997,91510.0314075009,1135655.0,0.08057907675086262
370,NB,NH3,1997,5089.9484814223,752385.0,0.006765085004914106
371,NB,CO,1997,295285.048192406,752385.0,0.39246535775222263
372,NB,SOX,1997,118975.159133521,752385.0,0.15813068991742393
373,NB,NOX,1997,74847.4350654717,752385.0,0.09948023294652565
374,NB,VOC,1997,78355.6506392085,752385.0,0.10414302602950418
375,NS,NH3,1997,4936.64604666583,932329.5,0.005294958538441431
376,NS,CO,1997,274817.876936909,932329.5,0.2947647553111952
377,NS,SOX,1997,194490.762124356,932329.5,0.20860732404622614
378,NS,NOX,1997,87735.0556655626,932329.5,0.09410305655410732
379,NS,VOC,1997,68066.7654768087,932329.5,0.07300719914666295
380,QC,NH3,1997,68419.097981244,7272061.75,0.009408486937180369
381,QC,CO,1997,2077048.84503501,7272061.75,0.2856203531323163
382,QC,SOX,1997,356111.918043543,7272061.75,0.04896986993317858
383,QC,NOX,1997,345143.514116164,7272061.75,0.0474615763701627
384,QC,VOC,1997,475360.785720039,7272061.75,0.06536808982955061
385,SK,NH3,1997,75002.5798087229,1017834.25,0.07368840241790145
386,SK,CO,1997,507239.875414579,1017834.25,0.4983521387834797
387,SK,SOX,1997,134862.082805191,1017834.25,0.1324990614190778
388,SK,NOX,1997,186118.327350553,1017834.25,0.1828572062205148
389,SK,VOC,1997,248207.76407891,1017834.25,0.24385872658432353
390,NL,NH3,1997,1049.34313976404,551774.25,0.001901761707372245
391,NL,CO,1997,158971.938682483,551774.25,0.2881104703281877
392,NL,SOX,1997,75170.1503788735,551774.25,0.13623352372618602
393,NL,NOX,1997,53446.4857860154,551774.25,0.09686295760633158
394,NL,VOC,1997,44145.4477144812,551774.25,0.08000635715508869
395,PE,NH3,1997,3518.9476118535,136031.5,0.02586862316341068
396,PE,CO,1997,49679.4001703999,136031.5,0.36520511918489396
397,PE,SOX,1997,3246.87028109021,136031.5,0.023868517814551852
398,PE,NOX,1997,7841.30408887859,136031.5,0.05764329650763676
399,PE,VOC,1997,10428.6358084191,136031.5,0.07666338905635166
400,AB,NH3,1998,131692.349068894,2887726.25,0.045604166623790604
401,AB,CO,1998,1756031.13945933,2887726.25,0.6081016645741022
402,AB,SOX,1998,493223.801071405,2887726.25,0.17080005456590805
403,AB,NOX,1998,829050.87866074,2887726.25,0.2870946921165883
404,AB,VOC,1998,679922.507283029,2887726.25,0.2354525493138517
405,BC,NH3,1998,23186.0593398967,3981074.25,0.005824071063205289
406,BC,CO,1998,1994938.70882756,3981074.25,0.5011056271627087
407,BC,SOX,1998,81153.9661185652,3981074.25,0.020384941606795
408,BC,NOX,1998,316603.947766562,3981074.25,0.07952726522660611
409,BC,VOC,1998,347896.882993605,3981074.25,0.08738769014258023
410,ON,NH3,1998,108134.153263157,11347200.5,0.009529588664900827
411,ON,CO,1998,3091689.81791663,11347200.5,0.27246278215641206
412,ON,SOX,1998,639968.584420406,11347200.5,0.05639880818360494
413,ON,NOX,1998,702958.764529173,11347200.5,0.06194997299370651
414,ON,VOC,1998,788659.769422276,11347200.5,0.06950258519026574
415,MB,NH3,1998,53414.1246840866,1136941.0,0.046980559839153134
416,MB,CO,1998,330663.027556597,1136941.0,0.29083569644915347
417,MB,SOX,1998,363205.038340608,1136941.0,0.3194581234563693
418,MB,NOX,1998,73108.0033153065,1136941.0,0.06430237216821849
419,MB,VOC,1998,88566.0759500474,1136941.0,0.07789856813154543
420,NB,NH3,1998,5260.28275048259,751071.75,0.007003702043756259
421,NB,CO,1998,282290.417302412,751071.75,0.3758501332294977
422,NB,SOX,1998,119661.107615528,751071.75,0.15932047452926834
423,NB,NOX,1998,78038.6702290963,751071.75,0.10390308280014034
424,NB,VOC,1998,73655.9645408789,751071.75,0.09806781381522989
425,NS,NH3,1998,4855.29479979817,932289.5,0.005207926078539091
426,NS,CO,1998,261385.838962839,932289.5,0.2803698196352517
427,NS,SOX,1998,189151.14250043,932289.5,0.20288884783152658
428,NS,NOX,1998,87724.3659115603,932289.5,0.09409562792626142
429,NS,VOC,1998,64444.8418622225,932289.5,0.06912535415471535
430,QC,NH3,1998,67651.3905963846,7294435.5,0.009274383274262225
431,QC,CO,1998,1968631.25143906,7294435.5,0.2698812336388553
432,QC,SOX,1998,328812.633090391,7294435.5,0.04507718699965076
433,QC,NOX,1998,345916.616354562,7294435.5,0.04742198575264145
434,QC,VOC,1998,450903.583107522,7294435.5,0.06181473303966044
435,SK,NH3,1998,71204.5231786079,1017422.25,0.06998522312501805
436,SK,CO,1998,494523.167764524,1017422.25,0.48605499610857145
437,SK,SOX,1998,135952.654970849,1017422.25,0.13362461354747154
438,SK,NOX,1998,175424.863996898,1017422.25,0.172420903903859
439,SK,VOC,1998,244178.936518681,1017422.25,0.2399976376756858
440,NL,NH3,1998,1045.88252226449,541499.75,0.0019314552264603816
441,NL,CO,1998,152719.913924104,541499.75,0.28203136552529157
442,NL,SOX,1998,63461.1789928349,541499.75,0.11719521383497389
443,NL,NOX,1998,54663.7462536841,541499.75,0.10094879315029065
444,NL,VOC,1998,50506.6239131001,541499.75,0.093271740038846
445,PE,NH3,1998,3644.09710259611,135821.25,0.026830095457051895
446,PE,CO,1998,48142.9210503905,135821.25,0.354457944175823
447,PE,SOX,1998,3107.99083173825,135821.25,0.022882949698506308
448,PE,NOX,1998,8269.68846170969,135821.25,0.06088655833832842
449,PE,VOC,1998,9914.31854097972,135821.25,0.07299534160508551
450,AB,NH3,1999,134691.36684567164,2945711.5,0.04572456156879981
451,AB,CO,1999,1734278.0555208807,2945711.5,0.5887467443844656
452,AB,SOX,1999,497998.28697757056,2945711.5,0.16905874420409825
453,AB,NOX,1999,845753.2473105935,2945711.5,0.28711340106137123
454,AB,VOC,1999,633822.9896239716,2945711.5,0.21516804670924888
455,BC,NH3,1999,23634.7049711393,4007762.75,0.005897231559213255
456,BC,CO,1999,1795371.3389170575,4007762.75,0.4479734582385291
457,BC,SOX,1999,81576.91949748852,4007762.75,0.02035472770874187
458,BC,NOX,1999,322736.9246856979,4007762.75,0.08052795158238793
459,BC,VOC,1999,327745.4850990556,4007762.75,0.08177766637984137
460,ON,NH3,1999,106350.98489760656,11484167.25,0.009260661446532535
461,ON,CO,1999,3068227.6262554536,11484167.25,0.267170231803743
462,ON,SOX,1999,576606.5237755369,11484167.25,0.05020882326278703
463,ON,NOX,1999,726704.6936285967,11484167.25,0.06327883230963888
464,ON,VOC,1999,790496.7264682065,11484167.25,0.06883361320501549
465,MB,NH3,1999,51170.85914166043,1141378.5,0.04483250660640658
466,MB,CO,1999,330273.60139712103,1141378.5,0.289363783702883
467,MB,SOX,1999,362230.1546623117,1141378.5,0.3173619922421105
468,MB,NOX,1999,74697.6144952411,1141378.5,0.06544508635412451
469,MB,VOC,1999,89261.8414883807,1141378.5,0.07820529428965124
470,NB,NH3,1999,5212.847125124886,750361.5,0.006947114324395489
471,NB,CO,1999,277026.195090129,750361.5,0.3691903103905637
472,NB,SOX,1999,120626.4136104128,750361.5,0.16075773291994966
473,NB,NOX,1999,83925.7245378701,750361.5,0.11184705576961251
474,NB,VOC,1999,72226.19458535116,750361.5,0.09625519777514059
475,NS,NH3,1999,4773.520996945335,933496.5,0.005113592816840058
476,NS,CO,1999,259152.9437614494,933496.5,0.2776153352063445
477,NS,SOX,1999,189050.82530727275,933496.5,0.20251905101655202
478,NS,NOX,1999,91534.32700938635,933496.5,0.09805535104779327
479,NS,VOC,1999,63473.20672859058,933496.5,0.06799512020515404
480,QC,NH3,1999,66851.40164053511,7320815.75,0.009131687495418131
481,QC,CO,1999,1922122.566369085,7320815.75,0.26255579050313965
482,QC,SOX,1999,304824.82342599874,7320815.75,0.041638095239044735
483,QC,NOX,1999,348454.95893081784,7320815.75,0.04759783210372667
484,QC,VOC,1999,445511.85315800336,7320815.75,0.060855493208936906
485,SK,NH3,1999,68051.4695020295,1014926.25,0.06705065466779433
486,SK,CO,1999,496537.5508740696,1014926.25,0.4892351053823562
487,SK,SOX,1999,130889.52499711823,1014926.25,0.12896456761968492
488,SK,NOX,1999,175896.28675760215,1014926.25,0.17330942692397813
489,SK,VOC,1999,236617.9816283578,1014926.25,0.23313810400347593
490,NL,NH3,1999,1064.3360967834385,534147.0,0.0019925902359901647
491,NL,CO,1999,145360.88157072655,534147.0,0.2721364747358434
492,NL,SOX,1999,53008.80031175239,534147.0,0.0992400974109232
493,NL,NOX,1999,55482.71437275554,534147.0,0.10387162030818396
494,NL,VOC,1999,53827.29461874248,534147.0,0.10077243646176517
495,PE,NH3,1999,3582.731097301343,136181.0,0.0263085973616095
496,PE,CO,1999,48262.50410120752,136181.0,0.35439968939284866
497,PE,SOX,1999,2701.1174254369644,136181.0,0.019834759808174153
498,PE,NOX,1999,8644.88221507711,136181.0,0.06348082489537535
499,PE,VOC,1999,9797.186773505817,136181.0,0.07194239118163193
500,AB,NH3,2000,139957.7765580304,2996031.75,0.04671438363696593
501,AB,CO,2000,1677587.6715244297,2996031.75,0.5599365465751255
502,AB,SOX,2000,490794.8877013029,2996031.75,0.16381498216809715
503,AB,NOX,2000,801836.5083859899,2996031.75,0.2676328474776644
504,AB,VOC,2000,630612.1689597053,2996031.75,0.21048247200975265
505,BC,NH3,2000,24071.02620397197,4037127.5,0.005962414167987503
506,BC,CO,2000,1716903.250311155,4037127.5,0.42527843133791415
507,BC,SOX,2000,80071.81692122918,4037127.5,0.019833858831862304
508,BC,NOX,2000,317658.47361329314,4037127.5,0.07868428074498345
509,BC,VOC,2000,314185.0157942773,4037127.5,0.07782390221618646
510,ON,NH3,2000,106399.51136028446,11657471.75,0.009127151550702619
511,ON,CO,2000,3104570.9031099486,11657471.75,0.2663159705370891
512,ON,SOX,2000,587488.2261068523,11657471.75,0.05039585243745946
513,ON,NOX,2000,741406.0288508333,11657471.75,0.06359921299837877
514,ON,VOC,2000,763149.1799363827,11657471.75,0.06546438166889683
515,MB,NH3,2000,51708.00024614059,1146449.25,0.045102738081202104
516,MB,CO,2000,323479.9767479759,1146449.25,0.282158130198939
517,MB,SOX,2000,361692.8607592112,1146449.25,0.3154896396497369
518,MB,NOX,2000,75624.71754262713,1146449.25,0.06596429588368358
519,MB,VOC,2000,85976.64669199311,1146449.25,0.07499385314438743
520,NB,NH3,2000,5241.0236525657165,750524.5,0.006983147988594265
521,NB,CO,2000,267766.6874282315,750524.5,0.3567727468300256
522,NB,SOX,2000,122928.6432707288,750524.5,0.16379031366827973
523,NB,NOX,2000,88730.86081734189,750524.5,0.11822513564492816
524,NB,VOC,2000,68370.50187668271,750524.5,0.09109696202679954
525,NS,NH3,2000,4672.310838895568,934291.25,0.005000914692175023
526,NS,CO,2000,267689.380213475,934291.25,0.286515987614649
527,NS,SOX,2000,190312.9682252085,934291.25,0.20369768872951394
528,NS,NOX,2000,94813.0702866262,934291.25,0.10148127822734741
529,NS,VOC,2000,62482.01297177484,934291.25,0.06687637604630767
530,QC,NH3,2000,66526.3519657713,7353292.75,0.009047151286853268
531,QC,CO,2000,1904562.0208288133,7353292.75,0.25900805062178617
532,QC,SOX,2000,305482.91470711585,7353292.75,0.04154369003017265
533,QC,NOX,2000,337729.05913962267,7353292.75,0.04592895599588669
534,QC,VOC,2000,430688.5801723114,7353292.75,0.058570846396984726
535,SK,NH3,2000,71233.99933134673,1008477.5,0.07063518951225657
536,SK,CO,2000,521390.10755585314,1008477.5,0.517007179194234
537,SK,SOX,2000,131109.5237096893,1008477.5,0.13000738609407675
538,SK,NOX,2000,182819.25756321003,1008477.5,0.18128243571444086
539,SK,VOC,2000,241476.3650611663,1008477.5,0.2394464577158799
540,NL,NH3,2000,1095.308005157589,529011.5,0.002070480519152398
541,NL,CO,2000,140691.91895022467,529011.5,0.2659524773095191
542,NL,SOX,2000,54455.62206290315,529011.5,0.10293844663661027
543,NL,NOX,2000,56344.56213927707,529011.5,0.10650914420438322
544,NL,VOC,2000,57310.08236575151,529011.5,0.10833428453965842
545,PE,NH3,2000,3476.155798857988,136400.25,0.02548496647812587
546,PE,CO,2000,46872.90274687031,136400.25,0.3436423521721574
547,PE,SOX,2000,2174.0950747880406,136400.25,0.015939084237661154
548,PE,NOX,2000,8752.208297907722,136400.25,0.06416563237902953
549,PE,VOC,2000,9327.848298611856,136400.25,0.06838585925327743
550,AB,NH3,2001,139163.63039002882,3051405.75,0.04560639973560672
551,AB,CO,2001,1576101.4273097124,3051405.75,0.5165165030280593
552,AB,SOX,2001,486094.7241083352,3051405.75,0.159301896874362
553,AB,NOX,2001,769751.1708425825,3051405.75,0.2522611654784299
554,AB,VOC,2001,601978.6682344684,3051405.75,0.19727912888493063
555,BC,NH3,2001,24469.07246323144,4070989.75,0.0060105954487435
556,BC,CO,2001,1606424.987127944,4070989.75,0.39460305374827925
557,BC,SOX,2001,79950.09033425781,4070989.75,0.019638980995778193
558,BC,NOX,2001,301845.25182200875,4070989.75,0.07414542171765692
559,BC,VOC,2001,298500.236541528,4070989.75,0.07332375045688289
560,ON,NH3,2001,104775.371852801,11864653.25,0.008830883604019443
561,ON,CO,2001,2742620.8581315875,11864653.25,0.2311589559628797
562,ON,SOX,2001,589770.5238487036,11864653.25,0.049708197232709146
563,ON,NOX,2001,688142.3286549269,11864653.25,0.05799936282629472
564,ON,VOC,2001,653417.9671848541,11864653.25,0.05507265601587253
565,MB,NH3,2001,51392.41794504378,1150436.0,0.04467212252141256
566,MB,CO,2001,289213.7669740087,1150436.0,0.2513949206857302
567,MB,SOX,2001,371076.4115275999,1150436.0,0.32255285085619706
568,MB,NOX,2001,72686.49597803115,1150436.0,0.06318169457321497
569,MB,VOC,2001,78751.90239585208,1150436.0,0.06845396214639675
570,NB,NH3,2001,5290.999653627558,749654.75,0.007057915198466437
571,NB,CO,2001,249136.1052796312,749654.75,0.3323344583351619
572,NB,SOX,2001,118678.52649512715,749654.75,0.1583109111162534
573,NB,NOX,2001,84921.88219047479,749654.75,0.11328132342318219
574,NB,VOC,2001,60076.5260426364,749654.75,0.0801389253421477
575,NS,NH3,2001,4549.786295968746,933050.5,0.004876248708905623
576,NS,CO,2001,237884.8925282565,933050.5,0.2549539307124925
577,NS,SOX,2001,184152.1414867565,933050.5,0.19736567472688402
578,NS,NOX,2001,94832.23116985144,933050.5,0.10163676153632782
579,NS,VOC,2001,54534.68836295126,933050.5,0.058447734997142446
580,QC,NH3,2001,68454.70920937689,7391445.5,0.009261342616863899
581,QC,CO,2001,1779296.9136454277,7391445.5,0.24072380884705538
582,QC,SOX,2001,275765.3521066364,7391445.5,0.03730871750412506
583,QC,NOX,2001,318050.8697994841,7391445.5,0.0430295900577883
584,QC,VOC,2001,386597.2042512996,7391445.5,0.05230332879425271
585,SK,NH3,2001,72399.30858496515,1001131.5,0.07231748135481218
586,SK,CO,2001,494104.3678235838,1001131.5,0.49354592061440855
587,SK,SOX,2001,136518.8591181102,1001131.5,0.13636456261551075
588,SK,NOX,2001,173505.84508188508,1001131.5,0.17330974510529845
589,SK,VOC,2001,239105.8825748909,1001131.5,0.23883564004817637
590,NL,NH3,2001,1122.424872535575,523040.25,0.0021459627103948024
591,NL,CO,2001,131487.04513681773,523040.25,0.2513899171943607
592,NL,SOX,2001,60090.93886838556,523040.25,0.1148877908887233
593,NL,NOX,2001,57338.09528039561,523040.25,0.10962463267481921
594,NL,VOC,2001,50970.54872377856,523040.25,0.09745052837478292
595,PE,NH3,2001,3395.9387649369837,136604.25,0.02485968602687679
596,PE,CO,2001,42474.63995232412,136604.25,0.3109320533755291
597,PE,SOX,2001,2091.9216202784564,136604.25,0.015313737458962341
598,PE,NOX,2001,8210.43773697808,136604.25,0.0601038235412008
599,PE,VOC,2001,8219.983582749353,136604.25,0.06017370310769506
600,AB,NH3,2002,139037.73831332734,3118455.5,0.04458544889074971
601,AB,CO,2002,1474691.5433326764,3118455.5,0.4728916424597614
602,AB,SOX,2002,467389.4774019199,3118455.5,0.14987851434850358
603,AB,NOX,2002,739044.5836218625,3118455.5,0.2369905819152662
604,AB,VOC,2002,584834.3157174744,3118455.5,0.18753973424263212
605,BC,NH3,2002,23106.8223825014,4097597.75,0.005639114376832475
606,BC,CO,2002,1516065.8700079492,4097597.75,0.36998894535412835
607,BC,SOX,2002,67490.22609686853,4097597.75,0.01647068116846475
608,BC,NOX,2002,311921.3234300143,4097597.75,0.07612297313224908
609,BC,VOC,2002,293137.8668532275,4097597.75,0.07153895641738564
610,ON,NH3,2002,111576.55992892515,12062749.0,0.00924967931678966
611,ON,CO,2002,2628007.797295253,12062749.0,0.21786143418015685
612,ON,SOX,2002,598918.3693935213,12062749.0,0.04965023887950593
613,ON,NOX,2002,657254.9588559697,12062749.0,0.05448633299556923
614,ON,VOC,2002,636176.5831072411,12062749.0,0.052738938952243894
615,MB,NH3,2002,53829.164945019744,1155388.0,0.04658968670699345
616,MB,CO,2002,299529.34187779087,1155388.0,0.25924567494018536
617,MB,SOX,2002,380861.5214438,1155388.0,0.32963949897679395
618,MB,NOX,2002,71476.83072556187,1155388.0,0.061863919934742155
619,MB,VOC,2002,78680.9432018662,1155388.0,0.0680991521479072
620,NB,NH3,2002,5337.07445172883,749048.5,0.007125138694929408
621,NB,CO,2002,262544.43721087376,749048.5,0.350503922257202
622,NB,SOX,2002,120092.67482876928,749048.5,0.16032696791832474
623,NB,NOX,2002,83501.0712269914,749048.5,0.11147618775952611
624,NB,VOC,2002,62410.7412636715,749048.5,0.0833200270258488
625,NS,NH3,2002,4522.00478569874,934774.25,0.00483753674825632
626,NS,CO,2002,229356.4712578136,934774.25,0.2453602795089976
627,NS,SOX,2002,177321.4692197094,934774.25,0.18969443073523837
628,NS,NOX,2002,95840.02710484718,934774.25,0.102527457410008
629,NS,VOC,2002,51815.31837166934,934774.25,0.055430836238449376
630,QC,NH3,2002,69670.08421241246,7435861.5,0.009369470398609827
631,QC,CO,2002,1764475.774849631,7435861.5,0.23729271649957856
632,QC,SOX,2002,239890.3010039493,7435861.5,0.032261265356266965
633,QC,NOX,2002,309643.81089369574,7435861.5,0.04164195512432497
634,QC,VOC,2002,380934.0434005343,7435861.5,0.05122930858792008
635,SK,NH3,2002,71857.52960054718,997376.75,0.07204652564895579
636,SK,CO,2002,483918.6821718534,997376.75,0.4851914606710587
637,SK,SOX,2002,148372.39879054023,997376.75,0.14876264038693526
638,SK,NOX,2002,177785.00909285876,997376.75,0.17825261025270417
639,SK,VOC,2002,239626.6430176893,997376.75,0.24025689692254135
640,NL,NH3,2002,1088.3995364240634,520141.5,0.0020925066283387565
641,NL,CO,2002,130327.82024772905,520141.5,0.25056224171255137
642,NL,SOX,2002,58204.289553806375,520141.5,0.11190087611506941
643,NL,NOX,2002,59720.14272523672,520141.5,0.1148151853394446
644,NL,VOC,2002,65637.88102292884,520141.5,0.1261923553935397
645,PE,NH3,2002,3453.191659086092,136927.0,0.02521921651015572
646,PE,CO,2002,42152.90376558656,136927.0,0.30784946552240655
647,PE,SOX,2002,2125.359130683079,136927.0,0.01552184105898091
648,PE,NOX,2002,7785.170208508381,136927.0,0.05685635563846707
649,PE,VOC,2002,8121.89501605934,136927.0,0.05931551130207585
650,AB,NH3,2003,131606.19967270968,3176268.75,0.0414342141774715
651,AB,CO,2003,1655205.536513646,3176268.75,0.5211163370585835
652,AB,SOX,2003,467641.8015550517,3176268.75,0.1472299223908719
653,AB,NOX,2003,768416.7428231763,3176268.75,0.24192434686868872
654,AB,VOC,2003,607456.3709643948,3176268.75,0.19124841717641014
655,BC,NH3,2003,23889.17417075541,4121071.75,0.0057968352943030925
656,BC,CO,2003,1453360.9633557766,4121071.75,0.35266577519689546
657,BC,SOX,2003,65659.59900223221,4121071.75,0.01593265125806951
658,BC,NOX,2003,294701.7355356199,4121071.75,0.0715109450680202
659,BC,VOC,2003,289051.3048786525,4121071.75,0.07013983798720624
660,ON,NH3,2003,106392.2800179042,12222239.75,0.0087048104270663
661,ON,CO,2003,2407115.545967362,12222239.75,0.19694553495952835
662,ON,SOX,2003,525611.7812709745,12222239.75,0.04300453861338913
663,ON,NOX,2003,599712.784925121,12222239.75,0.04906733930866648
664,ON,VOC,2003,605578.343667086,12222239.75,0.049547247972049145
665,MB,NH3,2003,56404.06551229634,1162089.5,0.04853676546625397
666,MB,CO,2003,301371.9701701736,1162089.5,0.25933628190442615
667,MB,SOX,2003,366580.04392353946,1162089.5,0.3154490630227185
668,MB,NOX,2003,69481.46752221696,1162089.5,0.059790117303544145
669,MB,VOC,2003,77944.72558480057,1162089.5,0.06707291098043702
670,NB,NH3,2003,5583.594990444116,749351.75,0.007451233670227788
671,NB,CO,2003,241749.24515186052,749351.75,0.32261117045747945
672,NB,SOX,2003,110720.85353204946,749351.75,0.14775551472596074
673,NB,NOX,2003,79852.20766913038,749351.75,0.10656171506789752
674,NB,VOC,2003,59882.70510514399,749351.75,0.07991267799820845
675,NS,NH3,2003,4664.365817617882,936954.0,0.004978222855783616
676,NS,CO,2003,219309.264235009,936954.0,0.23406620200672498
677,NS,SOX,2003,184118.2910078735,936954.0,0.1965072895871873
678,NS,NOX,2003,96231.418198575,936954.0,0.10270666243868429
679,NS,VOC,2003,50674.73066832164,936954.0,0.05408454488515086
680,QC,NH3,2003,66670.56911640572,7480688.25,0.008912357645221443
681,QC,CO,2003,1779960.1024675192,7480688.25,0.23794068713764663
682,QC,SOX,2003,266079.0425738999,7480688.25,0.03556879175841874
683,QC,NOX,2003,324281.2184795011,7480688.25,0.043349115434599364
684,QC,VOC,2003,371202.5653075436,7480688.25,0.04962144563470395
685,SK,NH3,2003,79666.24959408662,996232.5,0.07996752725301234
686,SK,CO,2003,475420.8607557692,996232.5,0.4772187825189092
687,SK,SOX,2003,147605.80367019438,996232.5,0.1481640115838365
688,SK,NOX,2003,173636.09652775683,996232.5,0.17429274444244375
689,SK,VOC,2003,240782.867616596,996232.5,0.24169344768073314
690,NL,NH3,2003,1121.9201065031498,518820.25,0.0021624447127943634
691,NL,CO,2003,118698.66978083205,518820.25,0.2287857302810213
692,NL,SOX,2003,54455.23553607224,518820.25,0.1049597341970986
693,NL,NOX,2003,62657.03962440597,518820.25,0.12076830005075162
694,NL,VOC,2003,32614.475412974847,518820.25,0.06286276492287039
695,PE,NH3,2003,3600.4188743548675,137212.25,0.026239777238219384
696,PE,CO,2003,38079.09840960889,137212.25,0.27751967050761783
697,PE,SOX,2003,2487.552866855326,137212.25,0.018129233117708705
698,PE,NOX,2003,7422.541951179388,137212.25,0.05409533005383548
699,PE,VOC,2003,7768.584446017187,137212.25,0.05661728049803998
700,AB,NH3,2004,137301.1888117309,3233030.0,0.042468269336112224
701,AB,CO,2004,1383843.872199306,3233030.0,0.42803310584785975
702,AB,SOX,2004,460344.60437018535,3233030.0,0.14238797795572122
703,AB,NOX,2004,673894.1361266741,3233030.0,0.20844042156326237
704,AB,VOC,2004,586015.7912882771,3233030.0,0.18125900201615114
705,BC,NH3,2004,24867.369304146465,4152339.5,0.00598876110783968
706,BC,CO,2004,1404280.1154602463,4152339.5,0.3381901011370208
707,BC,SOX,2004,71837.34705743834,4152339.5,0.017300451241387738
708,BC,NOX,2004,309875.8561902384,4152339.5,0.074626811268741
709,BC,VOC,2004,278032.8688500735,4152339.5,0.06695812537728996
710,ON,NH3,2004,105587.83771730724,12369015.25,0.008536478901770877
711,ON,CO,2004,2339438.532122806,12369015.25,0.18913700766298322
712,ON,SOX,2004,527485.6099768932,12369015.25,0.04264572395744222
713,ON,NOX,2004,562197.282154124,12369015.25,0.045452064759490374
714,ON,VOC,2004,594072.4707137287,12369015.25,0.04802908386047375
715,MB,NH3,2004,58058.27106445188,1171479.0,0.04955980522438036
716,MB,CO,2004,280882.0023357539,1171479.0,0.2397669973902681
717,MB,SOX,2004,383288.9334707773,1171479.0,0.32718378517308233
718,MB,NOX,2004,67179.7678688485,1171479.0,0.057346113646807584
719,MB,VOC,2004,77735.48460516497,1171479.0,0.06635670345363849
720,NB,NH3,2004,5674.618101856227,749297.0,0.007573256134558429
721,NB,CO,2004,240388.17357564348,749297.0,0.3208182784338433
722,NB,SOX,2004,112785.9995298864,749297.0,0.15052242239043584
723,NB,NOX,2004,76795.55272286739,749297.0,0.102490137719579
724,NB,VOC,2004,59986.77189708205,749297.0,0.08005740300185647
725,NS,NH3,2004,4634.4312974320255,939332.0,0.0049337521743452
726,NS,CO,2004,207243.2943168725,939332.0,0.22062837667286167
727,NS,SOX,2004,183568.08558762664,939332.0,0.19542407326443328
728,NS,NOX,2004,94490.0735038002,939332.0,0.10059283991581273
729,NS,VOC,2004,50102.50600461768,939332.0,0.05333844264287566
730,QC,NH3,2004,68643.32992920426,7529977.75,0.009116007006687937
731,QC,CO,2004,1738461.3288793718,7529977.75,0.2308720406085359
732,QC,SOX,2004,260449.2681514712,7529977.75,0.03458831842517346
733,QC,NOX,2004,314169.67046782054,7529977.75,0.04172252308020705
734,QC,VOC,2004,373831.0366332188,7529977.75,0.04964570268925679
735,SK,NH3,2004,83829.72945242604,996978.5,0.08408378861974058
736,SK,CO,2004,458204.1237915268,996978.5,0.4595927833865292
737,SK,SOX,2004,148582.8098587011,996978.5,0.14903311341087205
738,SK,NOX,2004,172841.9687395166,996978.5,0.1733657934845301
739,SK,VOC,2004,243646.6210500245,996978.5,0.24438503041943682
740,NL,NH3,2004,1116.2766029386034,517752.0,0.002156006356206453
741,NL,CO,2004,110431.78577100528,517752.0,0.21329089172230195
742,NL,SOX,2004,49405.12020171081,517752.0,0.09542236476481174
743,NL,NOX,2004,57056.79966917122,517752.0,0.11020102224457118
744,NL,VOC,2004,31020.89995327968,517752.0,0.05991459222423029
745,PE,NH3,2004,3709.513396501229,137628.5,0.026953090359200522
746,PE,CO,2004,40220.34961115803,137628.5,0.292238523352053
747,PE,SOX,2004,3681.071988881565,137628.5,0.02674643688539485
748,PE,NOX,2004,7542.337785966773,137628.5,0.05480215061536508
749,PE,VOC,2004,8353.423294662678,137628.5,0.06069544676184568
750,AB,NH3,2005,140536.8231305167,3310397.5,0.04245315649571289
751,AB,CO,2005,1278700.4085667166,3310397.5,0.3862679356683651
752,AB,SOX,2005,460387.8603268887,3310397.5,0.13907328661494237
753,AB,NOX,2005,659924.4411432793,3310397.5,0.199349002995344
754,AB,VOC,2005,589724.6197307677,3310397.5,0.17814314435978387
755,BC,NH3,2005,25157.41696192914,4191427.25,0.006002112278563141
756,BC,CO,2005,1184191.9814880388,4191427.25,0.2825271466868568
757,BC,SOX,2005,65170.85023986548,4191427.25,0.015548605845387267
758,BC,NOX,2005,285108.1199406412,4191427.25,0.06802172695246976
759,BC,VOC,2005,255739.56282177803,4191427.25,0.061014911524893585
760,ON,NH3,2005,101612.7294314406,12508006.75,0.008123814726230508
761,ON,CO,2005,2082552.8339548428,12508006.75,0.16649757835754628
762,ON,SOX,2005,500353.8182058007,12508006.75,0.0400026821384471
763,ON,NOX,2005,538745.0453593504,12508006.75,0.04307201428072066
764,ON,VOC,2005,586758.6632459441,12508006.75,0.04691064491518156
765,MB,NH3,2005,55415.49126414799,1177671.5,0.04705513486922965
766,MB,CO,2005,258579.08933985457,1177671.5,0.2195680963153601
767,MB,SOX,2005,397171.9901197856,1177671.5,0.33725193325964464
768,MB,NOX,2005,66465.3129038366,1177671.5,0.05643790556520779
769,MB,VOC,2005,81055.381811961,1177671.5,0.06882681784518092
770,NB,NH3,2005,5663.548261388308,748356.0,0.007567986708716584
771,NB,CO,2005,214054.6882908808,748356.0,0.2860332359076172
772,NB,SOX,2005,92979.17409172418,748356.0,0.12424457623340253
773,NB,NOX,2005,70289.64151028657,748356.0,0.09392540650477389
774,NB,VOC,2005,53964.4163123107,748356.0,0.07211062156555262
775,NS,NH3,2005,4552.2065321595055,938471.25,0.004850661682134115
776,NS,CO,2005,190488.65814619983,938471.25,0.20297761721118238
777,NS,SOX,2005,150102.99061073846,938471.25,0.1599441545073847
778,NS,NOX,2005,89864.57754414942,938471.25,0.09575634580617086
779,NS,VOC,2005,49287.40680184124,938471.25,0.052518824419865016
780,QC,NH3,2005,67601.25515038022,7576823.75,0.008922110026695582
781,QC,CO,2005,1564427.1870825875,7576823.75,0.2064753303892792
782,QC,SOX,2005,220495.71123696456,7576823.75,0.029101338306432765
783,QC,NOX,2005,292840.7235636912,7576823.75,0.038649536167934644
784,QC,VOC,2005,361411.7491879815,7576823.75,0.04769963788427591
785,SK,NH3,2005,84043.0184468456,994395.0,0.08451673474509185
786,SK,CO,2005,406666.2692950118,994395.0,0.40895848158429177
787,SK,SOX,2005,148983.95973485278,994395.0,0.14982372169495298
788,SK,NOX,2005,172857.77336050698,994395.0,0.1738321022938641
789,SK,VOC,2005,238440.17921530563,994395.0,0.23978416948527057
790,NL,NH3,2005,1139.1104282424444,515056.0,0.002211624421892851
791,NL,CO,2005,105607.46108678158,515056.0,0.20504073554483704
792,NL,SOX,2005,48883.17670609041,515056.0,0.0949084695762993
793,NL,NOX,2005,58686.07255748084,515056.0,0.11394114922936698
794,NL,VOC,2005,31892.35822147514,515056.0,0.06192017610022044
795,PE,NH3,2005,3734.602407151813,137917.75,0.027078475447517184
796,PE,CO,2005,37765.115353212765,137917.75,0.273823458932681
797,PE,SOX,2005,2349.72700503579,137917.75,0.017037161678143606
798,PE,NOX,2005,6874.550380876918,137917.75,0.04984529098594574
799,PE,VOC,2005,8487.849752482605,137917.75,0.06154283805008859
800,AB,NH3,2006,138078.04250873503,3411000.75,0.040480214643381425
801,AB,CO,2006,1192713.6845471866,3411000.75,0.34966679047115035
802,AB,SOX,2006,428250.56688984286,3411000.75,0.12554983076149803
803,AB,NOX,2006,652543.7569066547,3411000.75,0.191305662101263
804,AB,VOC,2006,592127.6114556657,3411000.75,0.17359351546775992
805,BC,NH3,2006,21528.07901220215,4236599.25,0.005081452774227383
806,BC,CO,2006,1019781.5078473636,4236599.25,0.24070756936648272
807,BC,SOX,2006,65583.44409919913,4236599.25,0.015480209533436312
808,BC,NOX,2006,264441.2001467402,4236599.25,0.06241827100987666
809,BC,VOC,2006,232344.6582304473,4236599.25,0.05484225543174689
810,ON,NH3,2006,102643.94682651204,12642211.75,0.00811914472374757
811,ON,CO,2006,1944532.9436192864,12642211.75,0.15381271743208116
812,ON,SOX,2006,446972.2992604996,12642211.75,0.03535554601515827
813,ON,NOX,2006,484232.3455866296,12642211.75,0.03830281877588623
814,ON,VOC,2006,543175.9435433378,12642211.75,0.04296526227250843
815,MB,NH3,2006,58361.670749780256,1182274.5,0.049363892014739605
816,MB,CO,2006,245213.1090692045,1182274.5,0.207407931972824
817,MB,SOX,2006,390430.4686320983,1182274.5,0.3302367332054428
818,MB,NOX,2006,59596.08749118106,1182274.5,0.050407995343874086
819,MB,VOC,2006,79103.47182060988,1182274.5,0.06690787276610455
820,NB,NH3,2006,4772.791176931575,745979.0,0.006398023505931903
821,NB,CO,2006,210119.20133269925,745979.0,0.2816690568135286
822,NB,SOX,2006,60436.00323428326,745979.0,0.08101568976376447
823,NB,NOX,2006,61366.53003180855,745979.0,0.08226307983443039
824,NB,VOC,2006,49961.1405351696,745979.0,0.06697392357582399
825,NS,NH3,2006,4351.342644763634,937677.25,0.004640554780190768
826,NS,CO,2006,177281.3717220738,937677.25,0.18906438406399834
827,NS,SOX,2006,124488.07381961169,937677.25,0.1327621778384958
828,NS,NOX,2006,75504.25958811947,937677.25,0.08052265274444856
829,NS,VOC,2006,44309.29144255565,937677.25,0.047254309990517156
830,QC,NH3,2006,64224.07135417954,7626205.25,0.00842149788116174
831,QC,CO,2006,1499335.372293136,7626205.25,0.196603071008761
832,QC,SOX,2006,186828.03564118288,7626205.25,0.02449816514460883
833,QC,NOX,2006,268179.2903652213,7626205.25,0.03516549601982209
834,QC,VOC,2006,332377.35492208565,7626205.25,0.04358358371250048
835,SK,NH3,2006,80035.94268499562,992285.0,0.0806582208589222
836,SK,CO,2006,411187.13102432166,992285.0,0.4143841043896881
837,SK,SOX,2006,135826.16484959028,992285.0,0.13688221110829074
838,SK,NOX,2006,166610.53149947454,992285.0,0.1679059257163764
839,SK,VOC,2006,232816.04464268236,992285.0,0.23462618566508853
840,NL,NH3,2006,904.6776032474704,511111.5,0.0017700200509037077
841,NL,CO,2006,101038.88165017066,511111.5,0.1976846180337767
842,NL,SOX,2006,44859.81851917979,511111.5,0.08776914336535137
843,NL,NOX,2006,53455.54948320695,511111.5,0.10458686506409454
844,NL,VOC,2006,28626.044374641697,511111.5,0.056007435509945865
845,PE,NH3,2006,3467.844194731675,137879.5,0.02515126755414456
846,PE,CO,2006,36807.32877691728,137879.5,0.26695287390016126
847,PE,SOX,2006,2207.5145420288977,137879.5,0.016010462338700807
848,PE,NOX,2006,6142.776766744547,137879.5,0.04455177721666054
849,PE,VOC,2006,8134.24415069938,137879.5,0.058995312216097245
850,AB,NH3,2007,140063.53230788346,3502793.25,0.03998624021211742
851,AB,CO,2007,1154640.544735931,3502793.25,0.3296342268376619
852,AB,SOX,2007,406947.06383835,3502793.25,0.11617787142828084
853,AB,NOX,2007,674084.7392267365,3502793.25,0.19244205727150368
854,AB,VOC,2007,576275.3541153171,3502793.25,0.16451880341933317
855,BC,NH3,2007,21929.854557585822,4286272.5,0.005116299665405273
856,BC,CO,2007,966698.8442143052,4286272.5,0.22553368788715725
857,BC,SOX,2007,63996.48966519895,4286272.5,0.014930569548529391
858,BC,NOX,2007,263418.6530193879,4286272.5,0.061456347681904944
859,BC,VOC,2007,222012.27519700569,4286272.5,0.05179611776829534
860,ON,NH3,2007,100540.34632964122,12750395.0,0.007885273070335564
861,ON,CO,2007,1905567.3748188836,12750395.0,0.14945163462142808
862,ON,SOX,2007,418310.70745775744,12750395.0,0.03280766654348806
863,ON,NOX,2007,464193.6635173786,12750395.0,0.03640621827930653
864,ON,VOC,2007,529903.4665700393,12750395.0,0.04155976866364056
865,MB,NH3,2007,58139.11616917103,1188018.5,0.04893788789414561
866,MB,CO,2007,223685.79089787087,1188018.5,0.1882847707319969
867,MB,SOX,2007,397805.0600583623,1188018.5,0.3348475297803547
868,MB,NOX,2007,59757.71618138886,1188018.5,0.05030032460049137
869,MB,VOC,2007,74991.72933829157,1188018.5,0.0631233683131126
870,NB,NH3,2007,4543.817642839976,745340.5,0.006096297789855745
871,NB,CO,2007,203928.6391955406,745340.5,0.27360466685433116
872,NB,SOX,2007,67454.908897279,745340.5,0.09050213814663098
873,NB,NOX,2007,58689.18264221796,745340.5,0.07874143782904318
874,NB,VOC,2007,49087.75932907562,745340.5,0.06585950894802525
875,NS,NH3,2007,4224.610000010973,935423.0,0.004516256281929109
876,NS,CO,2007,174702.9275677172,935423.0,0.1867635578425132
877,NS,SOX,2007,126901.0209632231,935423.0,0.13566164287517316
878,NS,NOX,2007,70763.70708966386,935423.0,0.07564888514571895
879,NS,VOC,2007,44768.01318279486,935423.0,0.04785857647587761
880,QC,NH3,2007,67293.11595140157,7685514.25,0.008755837769919114
881,QC,CO,2007,1554763.5721833778,7685514.25,0.20229792328904703
882,QC,SOX,2007,167190.08225092207,7685514.25,0.021753922614992493
883,QC,NOX,2007,262139.8989946894,7685514.25,0.03410830953760698
884,QC,VOC,2007,338995.77007324644,7685514.25,0.04410840433654084
885,SK,NH3,2007,82477.46445191129,1000533.25,0.0824335067844185
886,SK,CO,2007,432487.6370636645,1000533.25,0.43225713594592136
887,SK,SOX,2007,146069.69284932088,1000533.25,0.14599184269920154
888,SK,NOX,2007,179399.70466691314,1000533.25,0.1793040907605151
889,SK,VOC,2007,238033.05630185845,1000533.25,0.23790619282453476
890,NL,NH3,2007,934.9875904281412,509695.75,0.0018344033483271955
891,NL,CO,2007,108612.01072323191,509695.75,0.2130918508212633
892,NL,SOX,2007,43822.76448788376,509695.75,0.08597828113709749
893,NL,NOX,2007,54989.66637608261,509695.75,0.10788723738834906
894,NL,VOC,2007,35561.1117902749,509695.75,0.06976929234798387
895,PE,NH3,2007,3306.742191906817,137805.75,0.023995676464202816
896,PE,CO,2007,38472.49349130616,137805.75,0.2791791597324942
897,PE,SOX,2007,1745.7183292323816,137805.75,0.012667964357310066
898,PE,NOX,2007,5921.656395786297,137805.75,0.042971040002222675
899,PE,VOC,2007,8897.10783411235,137805.75,0.06456267488194324
900,AB,NH3,2008,138610.94087225283,3582850.5,0.038687335927706956
901,AB,CO,2008,1145371.1686651632,3582850.5,0.3196815409030221
902,AB,SOX,2008,382065.4206025985,3582850.5,0.10663727682821221
903,AB,NOX,2008,680535.9776006247,3582850.5,0.1899426106672954
904,AB,VOC,2008,565034.7073398363,3582850.5,0.15770535425350188
905,BC,NH3,2008,21971.572121546706,4342952.75,0.005059132204822331
906,BC,CO,2008,870442.3933821984,4342952.75,0.2004264019179574
907,BC,SOX,2008,66145.00399562388,4342952.75,0.015230422204253517
908,BC,NOX,2008,250949.09114168247,4342952.75,0.0577830581144781
909,BC,VOC,2008,210241.6033764877,4342952.75,0.04840982978147476
910,ON,NH3,2008,90018.3148437233,12866362.25,0.006996407616591341
911,ON,CO,2008,1841020.0162951432,12866362.25,0.1430878425869863
912,ON,SOX,2008,365447.40598234616,12866362.25,0.028403320136765633
913,ON,NOX,2008,434339.5516428845,12866362.25,0.03375775865807637
914,ON,VOC,2008,518308.6353717286,12866362.25,0.040284007655056395
915,MB,NH3,2008,57285.05354016318,1196348.25,0.0478832593604439
916,MB,CO,2008,253904.9139715216,1196348.25,0.21223328071196795
917,MB,SOX,2008,349219.25794857804,1196348.25,0.29190434971470725
918,MB,NOX,2008,61156.24106361297,1196348.25,0.05111909601874953
919,MB,VOC,2008,74713.35611728604,1196348.25,0.06245117683524512
920,NB,NH3,2008,4388.618836795378,746866.75,0.00587603991849333
921,NB,CO,2008,196183.1829925389,746866.75,0.2626749456881551
922,NB,SOX,2008,46252.63679627466,746866.75,0.06192890069918718
923,NB,NOX,2008,52807.6508796174,746866.75,0.07070558554068367
924,NB,VOC,2008,48691.26672816704,746866.75,0.06519404797196694
925,NS,NH3,2008,4102.16337257798,936013.0,0.004382592306493585
926,NS,CO,2008,165246.8336428203,936013.0,0.17654331044848767
927,NS,SOX,2008,124540.47945011678,936013.0,0.13305421981331111
928,NS,NOX,2008,63129.56888537872,936013.0,0.0674451838653723
929,NS,VOC,2008,43057.004698235214,936013.0,0.046000434500626824
930,QC,NH3,2008,65494.05473255437,7753515.0,0.008447014642075803
931,QC,CO,2008,1526054.089071009,7753515.0,0.19682093722279626
932,QC,SOX,2008,150797.84375523977,7753515.0,0.01944896524418148
933,QC,NOX,2008,251024.0432560171,7753515.0,0.032375515267077846
934,QC,VOC,2008,324631.18979526433,7753515.0,0.041868905882720846
935,SK,NH3,2008,87707.21245672296,1015934.75,0.08633154093481196
936,SK,CO,2008,413716.3549169435,1015934.75,0.4072272898598493
937,SK,SOX,2008,128821.9484702454,1015934.75,0.12680139986376626
938,SK,NOX,2008,174614.44308171005,1015934.75,0.17187564760602003
939,SK,VOC,2008,245699.1496853477,1015934.75,0.24184540363969997
940,NL,NH3,2008,941.896035468174,511819.75,0.0018402885693023256
941,NL,CO,2008,108013.021096368,511819.75,0.21103722764971067
942,NL,SOX,2008,40362.2579950008,511819.75,0.078860297975998
943,NL,NOX,2008,53334.95007469226,511819.75,0.10420651034801266
944,NL,VOC,2008,34111.70138279476,511819.75,0.06664788020156463
945,PE,NH3,2008,3068.2805395994224,138600.0,0.02213766623087606
946,PE,CO,2008,32911.79137877368,138600.0,0.23745881225666438
947,PE,SOX,2008,2123.3254259892874,138600.0,0.015319808268320977
948,PE,NOX,2008,5147.722823657579,138600.0,0.03714085731354675
949,PE,VOC,2008,7866.134209645363,138600.0,0.05675421507680637
950,AB,NH3,2009,132991.51611707473,3667752.25,0.036259678149491895
951,AB,CO,2009,1132508.4215766145,3667752.25,0.3087745148480556
952,AB,SOX,2009,371621.66225775576,3667752.25,0.10132136440179561
953,AB,NOX,2009,670909.267392054,3667752.25,0.18292109762649697
954,AB,VOC,2009,511333.7147765916,3667752.25,0.139413373620476
955,BC,NH3,2009,21077.93749166181,4404775.25,0.004785246986588432
956,BC,CO,2009,850142.7759272272,4404775.25,0.19300480221487515
957,BC,SOX,2009,65765.48338695148,4404775.25,0.014930496938964475
958,BC,NOX,2009,231240.08421156043,4404775.25,0.0524975897945214
959,BC,VOC,2009,198631.41837841875,4404775.25,0.0450945637642735
960,ON,NH3,2009,94051.49307609705,12983599.0,0.007243869213466701
961,ON,CO,2009,1735389.2195626274,12983599.0,0.13366010607402673
962,ON,SOX,2009,196195.89559720727,12983599.0,0.0151110563101346
963,ON,NOX,2009,383652.5273492953,12983599.0,0.029549012361618325
964,ON,VOC,2009,466604.76251676463,12983599.0,0.035938013991094815
965,MB,NH3,2009,53950.77449772192,1206536.75,0.04471540091731306
966,MB,CO,2009,201306.67320287388,1206536.75,0.16684669837273824
967,MB,SOX,2009,289729.795633791,1206536.75,0.24013341958609302
968,MB,NOX,2009,51443.1341331125,1206536.75,0.04263702214881768
969,MB,VOC,2009,68805.74837061568,1206536.75,0.05702747833467624
970,NB,NH3,2009,4221.744013132929,749639.0,0.0056317027437645705
971,NB,CO,2009,176848.14975429155,749639.0,0.23591108487457502
972,NB,SOX,2009,51097.67729493135,749639.0,0.06816304553916132
973,NB,NOX,2009,48719.84210604441,749639.0,0.06499107184397344
974,NB,VOC,2009,45697.646988010136,749639.0,0.06095953784156125
975,NS,NH3,2009,3923.0371572430304,938380.0,0.004180648732116019
976,NS,CO,2009,148188.81169778615,938380.0,0.15791983172892235
977,NS,SOX,2009,116011.84717316828,938380.0,0.12362992303029506
978,NS,NOX,2009,56848.96243438911,938380.0,0.06058202693406627
979,NS,VOC,2009,41086.46230489815,938380.0,0.04378446077804104
980,QC,NH3,2009,63031.75639763256,7832720.25,0.00804723702440829
981,QC,CO,2009,1446886.2450940325,7832720.25,0.18472333990148984
982,QC,SOX,2009,136887.70491376412,7832720.25,0.01747639396591039
983,QC,NOX,2009,232683.58442844375,7832720.25,0.02970661239030511
984,QC,VOC,2009,307932.0694959109,7832720.25,0.039313553869859054
985,SK,NH3,2009,82328.19520696744,1032566.75,0.07973159624495699
986,SK,CO,2009,408300.568427068,1032566.75,0.3954229287618142
987,SK,SOX,2009,134951.2206133364,1032566.75,0.13069491208518616
988,SK,NOX,2009,175476.9001032982,1032566.75,0.16994242755085634
989,SK,VOC,2009,238678.62694708267,1032566.75,0.23115079673743386
990,NL,NH3,2009,932.0593869965276,516169.5,0.0018057234822989883
991,NL,CO,2009,101127.08727626476,516169.5,0.19591837037303592
992,NL,SOX,2009,28920.23421951018,516169.5,0.05602856081095489
993,NL,NOX,2009,47400.67203151977,516169.5,0.0918316018895339
994,NL,VOC,2009,29493.099047908745,516169.5,0.05713839939769542
995,PE,NH3,2009,2760.262404090508,139711.0,0.01975694400648845
996,PE,CO,2009,30785.89202185001,139711.0,0.22035410255348548
997,PE,SOX,2009,1820.6910324897613,139711.0,0.013031837382094189
998,PE,NOX,2009,5419.177703948296,139711.0,0.038788482681737985
999,PE,VOC,2009,7480.75352254831,139711.0,0.05354448484763769
1000,AB,NH3,2010,130683.29517893116,3724137.0,0.03509089358928825
1001,AB,CO,2010,1075646.3948661848,3724137.0,0.2888310486070155
1002,AB,SOX,2010,358307.9380092149,3724137.0,0.09621234074074474
1003,AB,NOX,2010,701315.0799933256,3724137.0,0.18831613337353745
1004,AB,VOC,2010,490236.5949499055,3724137.0,0.13163763710892096
1005,BC,NH3,2010,20603.15514931172,4461057.0,0.004618446962079103
1006,BC,CO,2010,794834.0327907501,4461057.0,0.17817168280762835
1007,BC,SOX,2010,65317.09857691496,4461057.0,0.014641619368888352
1008,BC,NOX,2010,230546.0998839865,4461057.0,0.051679702788820336
1009,BC,VOC,2010,196698.1994724488,4461057.0,0.044092285633752
1010,ON,NH3,2010,91985.10351120686,13117914.5,0.007012174344573359
1011,ON,CO,2010,1692040.863012221,13117914.5,0.1289870324289902
1012,ON,SOX,2010,254217.835906264,13117914.5,0.019379439918308965
1013,ON,NOX,2010,384467.939911805,13117914.5,0.02930861760928576
1014,ON,VOC,2010,462475.21323302935,13117914.5,0.0352552391794465
1015,MB,NH3,2010,55411.523422876446,1218996.25,0.045456680791984755
1016,MB,CO,2010,213354.30579200308,1218996.25,0.17502457927331858
1017,MB,SOX,2010,195732.0878217109,1218996.25,0.16056824442381254
1018,MB,NOX,2010,49076.265155012064,1218996.25,0.04025957024479121
1019,MB,VOC,2010,70387.46789699658,1218996.25,0.057742152936890966
1020,NB,NH3,2010,4094.6458026210616,752656.0,0.005440261955821865
1021,NB,CO,2010,183425.0549500337,752656.0,0.24370370388335932
1022,NB,SOX,2010,32025.936434446598,752656.0,0.04255056285267984
1023,NB,NOX,2010,47372.37664529698,752656.0,0.06294027636170704
1024,NB,VOC,2010,47088.01725521535,752656.0,0.06256246845200909
1025,NS,NH3,2010,3773.565502305537,942007.0,0.004005878408871204
1026,NS,CO,2010,139777.48535492245,942007.0,0.14838263978391078
1027,NS,SOX,2010,75432.19419580903,942007.0,0.08007604422876798
1028,NS,NOX,2010,55558.7272294391,942007.0,0.058979102309684645
1029,NS,VOC,2010,39810.39161827055,942007.0,0.0422612481842179
1030,QC,NH3,2010,61848.26541930892,7918321.25,0.007810780020993581
1031,QC,CO,2010,1397942.14650581,7918321.25,0.1765452679134242
1032,QC,SOX,2010,138408.36056171815,7918321.25,0.01747950811691533
1033,QC,NOX,2010,218904.6219182501,7918321.25,0.027645332262599236
1034,QC,VOC,2010,292687.4162165156,7918321.25,0.03696331671520849
1035,SK,NH3,2010,79919.25958769882,1049327.25,0.07616237888389805
1036,SK,CO,2010,397409.6303541179,1049327.25,0.37872801869399453
1037,SK,SOX,2010,131621.20536503007,1049327.25,0.1254338962082897
1038,SK,NOX,2010,175065.89816043168,1049327.25,0.16683632123384928
1039,SK,VOC,2010,240204.76352033904,1049327.25,0.22891310934728804
1040,NL,NH3,2010,908.5924530250876,521590.25,0.0017419659455388354
1041,NL,CO,2010,91894.51905832252,521590.25,0.1761814356351993
1042,NL,SOX,2010,31687.114580799,521590.25,0.06075097182280344
1043,NL,NOX,2010,47254.71649299816,521590.25,0.09059739228829174
1044,NL,VOC,2010,27469.50529510873,521590.25,0.052664913301406095
1045,PE,NH3,2010,2552.0540300524285,141497.0,0.018036099917683263
1046,PE,CO,2010,26999.77875008197,141497.0,0.1908152027963983
1047,PE,SOX,2010,1478.7862302343465,141497.0,0.010451007655528715
1048,PE,NOX,2010,5126.194625062763,141497.0,0.03622829194302892
1049,PE,VOC,2010,6629.698059707038,141497.0,0.04685398319191953
1050,AB,NH3,2011,132641.48219304642,3779988.25,0.035090448281961305
1051,AB,CO,2011,1015160.0103461308,3779988.25,0.268561684112677
1052,AB,SOX,2011,343134.3155222252,3779988.25,0.0907765561234814
1053,AB,NOX,2011,691938.4815302572,3779988.25,0.18305307735553336
1054,AB,VOC,2011,478680.3220269855,3779988.25,0.1266353994690289
1055,BC,NH3,2011,19673.4470240708,4499639.0,0.0043722278662956734
1056,BC,CO,2011,736230.3884552313,4499639.0,0.16361987894033972
1057,BC,SOX,2011,71221.31596841455,4499639.0,0.0158282288797867
1058,BC,NOX,2011,231269.51503536143,4499639.0,0.05139734877294855
1059,BC,VOC,2011,167721.30573365907,4499639.0,0.03727439150866527
1060,ON,NH3,2011,89783.24662790581,13247672.25,0.0067772847133884834
1061,ON,CO,2011,1516717.5429271786,13247672.25,0.11448936192750228
1062,ON,SOX,2011,260818.3038419436,13247672.25,0.019687859038175073
1063,ON,NOX,2011,358342.29367760726,13247672.25,0.027049453437195902
1064,ON,VOC,2011,408032.8642833326,13247672.25,0.0308003441346711
1065,MB,NH3,2011,51792.81090235536,1231985.75,0.04204010549826194
1066,MB,CO,2011,184842.7947416889,1231985.75,0.15003647139724538
1067,MB,SOX,2011,128173.36137152616,1231985.75,0.10403802265693914
1068,MB,NOX,2011,48055.3296149968,1231985.75,0.039006400532633434
1069,MB,VOC,2011,65376.70512326271,1231985.75,0.05306612119763781
1070,NB,NH3,2011,4149.405179905034,755440.0,0.005492699856911249
1071,NB,CO,2011,183898.8180166844,755440.0,0.2434327253212491
1072,NB,SOX,2011,27401.80786283801,755440.0,0.03627264622317856
1073,NB,NOX,2011,48545.78809977774,755440.0,0.06426160661307018
1074,NB,VOC,2011,44542.924752745705,755440.0,0.05896288884986988
1075,NS,NH3,2011,3820.886856303571,944319.0,0.004046182334892734
1076,NS,CO,2011,144131.00552120918,944319.0,0.15262957276218014
1077,NS,SOX,2011,77317.33287192536,944319.0,0.08187628637348753
1078,NS,NOX,2011,57431.33306713322,944319.0,0.06081772480182356
1079,NS,VOC,2011,38680.82232307027,944319.0,0.04096160547767256
1080,QC,NH3,2011,61824.14174730954,7994063.5,0.007733756649207195
1081,QC,CO,2011,1404147.6573344795,7994063.5,0.17564879955412907
1082,QC,SOX,2011,139795.60398864732,7994063.5,0.01748742726257395
1083,QC,NOX,2011,215403.09090043377,7994063.5,0.026945381519728206
1084,QC,VOC,2011,275512.6830341468,7994063.5,0.034464660311260574
1085,SK,NH3,2011,82366.95295672712,1064290.0,0.07739145623535608
1086,SK,CO,2011,328523.13151061203,1064290.0,0.30867820942657737
1087,SK,SOX,2011,126893.95321079776,1064290.0,0.11922873766623548
1088,SK,NOX,2011,160271.13865594676,1064290.0,0.15058972522145916
1089,SK,VOC,2011,230594.09854491823,1064290.0,0.2166647234728488
1090,NL,NH3,2011,909.8575080411512,524725.0,0.0017339701901780001
1091,NL,CO,2011,85182.51150875546,524725.0,0.16233743676927048
1092,NL,SOX,2011,25275.683724374663,524725.0,0.048169391060793106
1093,NL,NOX,2011,46103.18605766064,524725.0,0.08786161524162302
1094,NL,VOC,2011,23557.63900173516,524725.0,0.04489520987514443
1095,PE,NH3,2011,2500.2962101931957,143656.5,0.017404685553338663
1096,PE,CO,2011,26286.1374500837,143656.5,0.18297910258208783
1097,PE,SOX,2011,1722.5101748350894,143656.5,0.011990478501391092
1098,PE,NOX,2011,5586.996182652825,143656.5,0.03889135669219858
1099,PE,VOC,2011,6186.714606903677,143656.5,0.043066026298174305
1100,AB,NH3,2012,137630.5644576695,3861918.75,0.03563787157812927
1101,AB,CO,2012,1020173.0616697504,3861918.75,0.2641622280815075
1102,AB,SOX,2012,333877.81221442844,3861918.75,0.08645386757927738
1103,AB,NOX,2012,649050.7227761747,3861918.75,0.16806431330958857
1104,AB,VOC,2012,518824.5195309372,3861918.75,0.13434371697512726
1105,BC,NH3,2012,19597.051431377546,4560459.0,0.004297166454380479
1106,BC,CO,2012,737041.7592425122,4560459.0,0.16161569685036356
1107,BC,SOX,2012,73210.97682913509,4560459.0,0.016053422874569224
1108,BC,NOX,2012,225107.53352463656,4560459.0,0.04936071863043535
1109,BC,VOC,2012,165183.63438867457,4560459.0,0.036220835312558354
1110,ON,NH3,2012,88248.84333308345,13374292.5,0.006598393397862612
1111,ON,CO,2012,1333303.2180670707,13374292.5,0.09969149531214984
1112,ON,SOX,2012,253780.60960166,13374292.5,0.018975254922954616
1113,ON,NOX,2012,334876.9152744616,13374292.5,0.025038850860668826
1114,ON,VOC,2012,382503.9882723552,13374292.5,0.02859994188644784
1115,MB,NH3,2012,52119.22589770793,1247996.5,0.04176231736043164
1116,MB,CO,2012,184621.082369734,1247996.5,0.14793397447006784
1117,MB,SOX,2012,139623.69585532806,1247996.5,0.11187827518372692
1118,MB,NOX,2012,50955.30835391681,1247996.5,0.040829688507873864
1119,MB,VOC,2012,68368.39650126443,1247996.5,0.05478252262828016
1120,NB,NH3,2012,4014.006462593028,757899.75,0.0052962234947208095
1121,NB,CO,2012,176858.02110787368,757899.75,0.23335278987474753
1122,NB,SOX,2012,26011.339403470876,757899.75,0.034320290254048605
1123,NB,NOX,2012,38997.115390422674,757899.75,0.05145418690324502
1124,NB,VOC,2012,41865.25367513357,757899.75,0.05523851099717815
1125,NS,NH3,2012,3734.123910075742,943757.25,0.003956657191323025
1126,NS,CO,2012,135010.90508667397,943757.25,0.1430568136951255
1127,NS,SOX,2012,75346.10716705813,943757.25,0.07983632143441349
1128,NS,NOX,2012,48097.11110084716,943757.25,0.05096343482484205
1129,NS,VOC,2012,35793.66697450218,943757.25,0.03792677298585222
1130,QC,NH3,2012,63394.10911924062,8052119.75,0.007872971476764317
1131,QC,CO,2012,1311652.8355054518,8052119.75,0.16289534634720898
1132,QC,SOX,2012,135273.10427144487,8052119.75,0.016799688587771547
1133,QC,NOX,2012,201227.04835948173,8052119.75,0.02499056827358805
1134,QC,VOC,2012,263912.9503423869,8052119.75,0.03277558686858661
1135,SK,NH3,2012,92913.6007672836,1081217.75,0.08593421701344026
1136,SK,CO,2012,344420.96065102686,1081217.75,0.31854911802088604
1137,SK,SOX,2012,130218.35423047363,1081217.75,0.12043675219952099
1138,SK,NOX,2012,158782.55636136717,1081217.75,0.1468552993708873
1139,SK,VOC,2012,243989.73265376236,1081217.75,0.22566197479995345
1140,NL,NH3,2012,900.5129389650402,526348.75,0.0017108674409600864
1141,NL,CO,2012,84313.16084645147,526348.75,0.16018497402425952
1142,NL,SOX,2012,28113.291164980725,526348.75,0.05341190829270655
1143,NL,NOX,2012,41037.461640013535,526348.75,0.0779662944768341
1144,NL,VOC,2012,20739.250401355897,526348.75,0.03940210820554983
1145,PE,NH3,2012,2558.7774246741765,144458.0,0.01771295064776043
1146,PE,CO,2012,23586.79229129871,144458.0,0.1632778544026548
1147,PE,SOX,2012,1016.3527935267932,144458.0,0.0070356283039138936
1148,PE,NOX,2012,4893.479083291487,144458.0,0.033874753099804006
1149,PE,VOC,2012,5616.339070147254,144458.0,0.038878698792363546
1150,AB,NH3,2013,139707.6493382899,3964802.75,0.035236973475739716
1151,AB,CO,2013,1044806.4504109876,3964802.75,0.2635204110497017
1152,AB,SOX,2013,314187.69199869514,3964802.75,0.07924421763445738
1153,AB,NOX,2013,643710.2914325446,3964802.75,0.1623561957609479
1154,AB,VOC,2013,556411.0771793935,3964802.75,0.1403376440806276
1155,BC,NH3,2013,19957.012943875867,4624713.75,0.004315296907592576
1156,BC,CO,2013,661969.6176623267,4624713.75,0.14313742502707907
1157,BC,SOX,2013,75419.82356246334,4624713.75,0.016307998211232716
1158,BC,NOX,2013,228222.3006968001,4624713.75,0.04934841657968563
1159,BC,VOC,2013,166548.60452788635,4624713.75,0.036012737983596575
1160,ON,NH3,2013,90571.77599987527,13495460.5,0.006711277173526259
1161,ON,CO,2013,1347308.1142919555,13495460.5,0.09983417122312763
1162,ON,SOX,2013,268248.9670797549,13495460.5,0.019876977675549117
1163,ON,NOX,2013,317571.1230044511,13495460.5,0.02353169964110903
1164,ON,VOC,2013,379715.78912895307,13495460.5,0.028136556668737097
1165,MB,NH3,2013,57023.54717426679,1262955.5,0.04515087600019699
1166,MB,CO,2013,180532.69488319108,1262955.5,0.14294462067997732
1167,MB,SOX,2013,159393.08061607592,1262955.5,0.12620641076908562
1168,MB,NOX,2013,46277.15847771033,1262955.5,0.036641954904753436
1169,MB,VOC,2013,68251.02571790903,1262955.5,0.054040720926358074
1170,NB,NH3,2013,3741.6431040494535,758411.0,0.00493352958231019
1171,NB,CO,2013,165312.21776636856,758411.0,0.21797180917255757
1172,NB,SOX,2013,22036.15923551563,758411.0,0.02905569570525168
1173,NB,NOX,2013,34067.144252654434,758411.0,0.04491910620053564
1174,NB,VOC,2013,39232.74132914988,758411.0,0.051730184990921656
1175,NS,NH3,2013,3657.33694676219,941091.75,0.0038862703309875896
1176,NS,CO,2013,136250.4917665324,941091.75,0.14477917989030548
1177,NS,SOX,2013,77234.4871733884,941091.75,0.08206903011676428
1178,NS,NOX,2013,46593.23768721299,941091.75,0.0495097716957066
1179,NS,VOC,2013,35162.3397864887,941091.75,0.03736334930838433
1180,QC,NH3,2013,62257.21200300907,8102306.75,0.007683887308143334
1181,QC,CO,2013,1330045.8938842707,8102306.75,0.16415644765415363
1182,QC,SOX,2013,119534.71486973562,8102306.75,0.014753170739892761
1183,QC,NOX,2013,188256.0566704768,8102306.75,0.02323487155932189
1184,QC,VOC,2013,259743.21686648863,8102306.75,0.03205793422552024
1185,SK,NH3,2013,98330.28841944442,1097350.75,0.0896069815594006
1186,SK,CO,2013,357829.65094288456,1097350.75,0.3260850288231767
1187,SK,SOX,2013,125020.29404482026,1097350.75,0.1139292008911647
1188,SK,NOX,2013,157828.10153094973,1097350.75,0.143826485315611
1189,SK,VOC,2013,250898.3499598156,1097350.75,0.22864006787238775
1190,NL,NH3,2013,902.1094715201712,527448.0,0.0017103287367099148
1191,NL,CO,2013,72328.3354750396,527448.0,0.13712884582942697
1192,NL,SOX,2013,28431.69476559065,527448.0,0.05390426120791178
1193,NL,NOX,2013,39067.895278319374,527448.0,0.07406966237111406
1194,NL,VOC,2013,19168.23277404808,527448.0,0.036341464512232635
1195,PE,NH3,2013,2342.3450169558614,144080.0,0.016257253032730852
1196,PE,CO,2013,20177.20845561633,144080.0,0.14004170221832546
1197,PE,SOX,2013,850.0452328033539,144080.0,0.005899814219901124
1198,PE,NOX,2013,4244.005242671969,144080.0,0.029455894243975357
1199,PE,VOC,2013,5139.537484913642,144080.0,0.03567141508129957
1200,AB,NH3,2014,141095.12881051924,4068483.75,0.034680027617295814
1201,AB,CO,2014,1083451.1163415606,4068483.75,0.2663034149617927
1202,AB,SOX,2014,291592.47385681805,4068483.75,0.07167104301616493
1203,AB,NOX,2014,656735.6508195029,4068483.75,0.16142024674905064
1204,AB,VOC,2014,572615.3277760863,4068483.75,0.14074415997755585
1205,BC,NH3,2014,19406.653921754787,4699026.5,0.004129930725386373
1206,BC,CO,2014,660414.8387121931,4699026.5,0.14054290579382625
1207,BC,SOX,2014,75847.2205857285,4699026.5,0.016141049765462805
1208,BC,NOX,2014,222718.86163379668,4699026.5,0.0473968090271031
1209,BC,VOC,2014,159386.5212685707,4699026.5,0.03391905137554996
1210,ON,NH3,2014,87166.91960613981,13606049.25,0.006406482734592469
1211,ON,CO,2014,1316821.868154839,13606049.25,0.09678208890467149
1212,ON,SOX,2014,255026.08367684408,13606049.25,0.018743580814015066
1213,ON,NOX,2014,291203.3608689679,13606049.25,0.0214024920473493
1214,ON,VOC,2014,372597.9023810932,13606049.25,0.02738472392205204
1215,MB,NH3,2014,54506.53899277619,1277087.25,0.04268035640695355
1216,MB,CO,2014,176502.95116266314,1277087.25,0.13820743348793368
1217,MB,SOX,2014,158330.202786777,1277087.25,0.12397759259344027
1218,MB,NOX,2014,45393.56259202256,1277087.25,0.03554460557962861
1219,MB,VOC,2014,67358.4219534709,1277087.25,0.052743790178369485
1220,NB,NH3,2014,3912.373799912854,759098.5,0.005153973825416404
1221,NB,CO,2014,168031.07973721335,759098.5,0.22135609507489917
1222,NB,SOX,2014,22312.455146253345,759098.5,0.029393359552486727
1223,NB,NOX,2014,31815.18829877725,759098.5,0.041911804988123746
1224,NB,VOC,2014,40151.81841530239,759098.5,0.05289408214520565
1225,NS,NH3,2014,3615.4445133321065,939074.25,0.003850009212085313
1226,NS,CO,2014,117593.49416721264,939074.25,0.125222786342201
1227,NS,SOX,2014,71781.13997094447,939074.25,0.07643819428649488
1228,NS,NOX,2014,41731.04803176808,939074.25,0.04443849677676507
1229,NS,VOC,2014,33235.31323582389,939074.25,0.03539157125842167
1230,QC,NH3,2014,61869.8792071559,8143383.25,0.007597564465255384
1231,QC,CO,2014,1283932.3793868313,8143383.25,0.1576657195136716
1232,QC,SOX,2014,121219.57081000412,8143383.25,0.014885652202357555
1233,QC,NOX,2014,174323.20967282658,8143383.25,0.02140673038725355
1234,QC,VOC,2014,253037.4351048959,8143383.25,0.031072765131727763
1235,SK,NH3,2014,94794.32211836084,1111296.75,0.08530063830238038
1236,SK,CO,2014,330986.7130945523,1111296.75,0.29783828045439015
1237,SK,SOX,2014,125016.71724294651,1111296.75,0.11249625020764842
1238,SK,NOX,2014,153401.1874046604,1111296.75,0.13803800596434787
1239,SK,VOC,2014,277776.15360479284,1111296.75,0.24995677671584376
1240,NL,NH3,2014,926.4717125367256,528090.0,0.0017543822313180056
1241,NL,CO,2014,79020.55805887049,528090.0,0.14963464193389478
1242,NL,SOX,2014,27957.94256571018,528090.0,0.052941624658126796
1243,NL,NOX,2014,40701.574386026026,528090.0,0.07707317765158596
1244,NL,VOC,2014,18484.347300161546,528090.0,0.03500226722748309
1245,PE,NH3,2014,2553.8439817536414,144200.25,0.01771039912728058
1246,PE,CO,2014,18399.75224441657,144200.25,0.12759861542831286
1247,PE,SOX,2014,692.8057583949477,144200.25,0.004804469884032432
1248,PE,NOX,2014,4112.743641726347,144200.25,0.0285210576384323
1249,PE,VOC,2014,4761.317256788049,144200.25,0.03301878642227076
1250,AB,NH3,2015,139937.588499843,4137089.25,0.033825131642940265
1251,AB,CO,2015,985516.9393906804,4137089.25,0.23821505407229984
1252,AB,SOX,2015,259725.3729667968,4137089.25,0.06277973649391219
1253,AB,NOX,2015,630979.6246838769,4137089.25,0.15251776951243604
1254,AB,VOC,2015,517421.8223597623,4137089.25,0.12506905002345847
1255,BC,NH3,2015,19454.271981683003,4770642.5,0.00407791444898313
1256,BC,CO,2015,630995.6122458712,4770642.5,0.13226637968488966
1257,BC,SOX,2015,62540.79620334712,4770642.5,0.013109512230972478
1258,BC,NOX,2015,213184.6781576076,4770642.5,0.0446867855131898
1259,BC,VOC,2015,156313.0394510723,4770642.5,0.03276561583708532
1260,ON,NH3,2015,84773.2951404264,13698100.75,0.006188689708712093
1261,ON,CO,2015,1301904.2887346398,13698100.75,0.09504268602599085
1262,ON,SOX,2015,250508.0184033255,13698100.75,0.018287792079739632
1263,ON,NOX,2015,280828.04631028685,13698100.75,0.020501239656182762
1264,ON,VOC,2015,354646.5593622828,13698100.75,0.02589019936667372
1265,MB,NH3,2015,56262.13605638856,1291025.75,0.0435794065737175
1266,MB,CO,2015,187493.15108031736,1291025.75,0.14522804915418408
1267,MB,SOX,2015,153601.01634974568,1291025.75,0.11897595098296504
1268,MB,NOX,2015,40743.79730816589,1291025.75,0.03155924450628959
1269,MB,VOC,2015,63755.776993964086,1291025.75,0.049383815151606454
1270,NB,NH3,2015,3759.9587568152792,759296.25,0.004951899547528753
1271,NB,CO,2015,185367.83029759052,759296.25,0.2441311020535009
1272,NB,SOX,2015,22958.6997947884,759296.25,0.030236814411750884
1273,NB,NOX,2015,29655.100743568284,759296.25,0.03905603477373724
1274,NB,VOC,2015,38827.48469879338,759296.25,0.05113614705563656
1275,NS,NH3,2015,3531.1141079604085,937353.0,0.0037671123983818353
1276,NS,CO,2015,133297.36508409903,937353.0,0.14220615401465514
1277,NS,SOX,2015,63384.19818908735,937353.0,0.0676204142826527
1278,NS,NOX,2015,38138.30038282087,937353.0,0.04068723349988838
1279,NS,VOC,2015,34011.47447129097,937353.0,0.03628459552728904
1280,QC,NH3,2015,63150.4830457563,8172870.25,0.007726842726489669
1281,QC,CO,2015,1281066.8039121304,8172870.25,0.15674625495395947
1282,QC,SOX,2015,111667.320978137,8172870.25,0.01366317065637216
1283,QC,NOX,2015,169790.06675991177,8172870.25,0.020774839385210082
1284,QC,VOC,2015,238637.4933461848,8172870.25,0.02919873753607979
1285,SK,NH3,2015,97707.5888324575,1120718.25,0.08718300860404254
1286,SK,CO,2015,334471.74752974283,1120718.25,0.2984440982644325
1287,SK,SOX,2015,127889.52912479632,1120718.25,0.1141138989436429
1288,SK,NOX,2015,147006.77238934796,1120718.25,0.13117192692217508
1289,SK,VOC,2015,289174.52465904533,1120718.25,0.25802606913829174
1290,NL,NH3,2015,906.4986295097932,528309.25,0.0017158484912194764
1291,NL,CO,2015,76871.31048240807,528309.25,0.14550438116010284
1292,NL,SOX,2015,19219.360445066704,528309.25,0.0363789966673245
1293,NL,NOX,2015,39272.42199982335,528309.25,0.07433604844099048
1294,NL,VOC,2015,18007.10314242837,528309.25,0.03408439875400321
1295,PE,NH3,2015,2357.0220552838023,144516.75,0.016309680748313272
1296,PE,CO,2015,16783.15187733601,144516.75,0.11613291799971984
1297,PE,SOX,2015,299.8085204698519,144516.75,0.002074558973059191
1298,PE,NOX,2015,4045.937906741772,144516.75,0.02799632504012007
1299,PE,VOC,2015,4441.507572673802,144516.75,0.03073351409212982
1300,AB,NH3,2016,132619.48058146506,4189153.5,0.031657823133352615
1301,AB,CO,2016,950437.964740328,4189153.5,0.22688067284722988
1302,AB,SOX,2016,239568.79130380912,4189153.5,0.057187876095685944
1303,AB,NOX,2016,603268.9203695664,4189153.5,0.14400735622830876
1304,AB,VOC,2016,476740.1237000264,4189153.5,0.11380345067327478
1305,BC,NH3,2016,19898.551541310226,4846718.0,0.004105572377289173
1306,BC,CO,2016,660545.0260044149,4846718.0,0.1362870763276128
1307,BC,SOX,2016,68443.73119245718,4846718.0,0.01412166566993524
1308,BC,NOX,2016,210834.77706498865,4846718.0,0.043500524904685735
1309,BC,VOC,2016,144381.4086480633,4846718.0,0.029789521207560107
1310,ON,NH3,2016,88650.67582987725,13852999.75,0.00639938478522511
1311,ON,CO,2016,1262838.610830101,13852999.75,0.09115993890277092
1312,ON,SOX,2016,249012.6836241283,13852999.75,0.017975361879590614
1313,ON,NOX,2016,264457.10329242656,13852999.75,0.01909024096332829
1314,ON,VOC,2016,338867.57367692445,13852999.75,0.02446167471250582
1315,MB,NH3,2016,57393.87692499508,1311070.75,0.04377633848134822
1316,MB,CO,2016,165610.34006156167,1311070.75,0.12631685975875953
1317,MB,SOX,2016,145091.3699963446,1311070.75,0.11066631605986528
1318,MB,NOX,2016,39297.09676831621,1311070.75,0.02997328463648221
1319,MB,VOC,2016,61301.114645172805,1311070.75,0.04675652678939928
1320,NB,NH3,2016,3916.499164360936,762765.75,0.005134602811362382
1321,NB,CO,2016,174597.86905545794,762765.75,0.2289010342368649
1322,NB,SOX,2016,20894.629360027728,762765.75,0.02739324538369444
1323,NB,NOX,2016,31206.1872353416,762765.75,0.04091188839475501
1324,NB,VOC,2016,33231.19137808768,762765.75,0.043566706263473
1325,NS,NH3,2016,3473.126177950497,941973.0,0.003687076145442064
1326,NS,CO,2016,126355.5914424632,941973.0,0.13413929214793122
1327,NS,SOX,2016,64919.06627873924,941973.0,0.0689181816025929
1328,NS,NOX,2016,36937.07312421378,941973.0,0.03921245420432834
1329,NS,VOC,2016,31272.567308347498,941973.0,0.033199006031327326
1330,QC,NH3,2016,64595.45124803585,8218337.75,0.00785991683635001
1331,QC,CO,2016,1261235.8623757765,8218337.75,0.15346605368899283
1332,QC,SOX,2016,110634.64918521966,8218337.75,0.013461925337057323
1333,QC,NOX,2016,166775.46336206666,8218337.75,0.020293089482975635
1334,QC,VOC,2016,226103.3406257248,8218337.75,0.02751205261985306
1335,SK,NH3,2016,98164.50089404604,1133899.25,0.08657250712005149
1336,SK,CO,2016,312051.9137879289,1133899.25,0.2752025047974314
1337,SK,SOX,2016,126427.9440613816,1133899.25,0.11149839287871616
1338,SK,NOX,2016,139377.047287074,1133899.25,0.12291836976439839
1339,SK,VOC,2016,271196.47303612425,1133899.25,0.2391715781063655
1340,NL,NH3,2016,938.259964516587,529297.25,0.0017726522563957909
1341,NL,CO,2016,109503.77802955394,529297.25,0.20688522003383533
1342,NL,SOX,2016,24587.26580567227,529297.25,0.0464526611571707
1343,NL,NOX,2016,40377.54483747375,529297.25,0.0762851967159734
1344,NL,VOC,2016,19073.09860994208,529297.25,0.036034758559471226
1345,PE,NH3,2016,2653.2317483063302,146472.75,0.018114166275340158
1346,PE,CO,2016,18865.77602648361,146472.75,0.1288005859552962
1347,PE,SOX,2016,282.66682177374105,146472.75,0.0019298253209128731
1348,PE,NOX,2016,3966.987301879808,146472.75,0.027083449323371124
1349,PE,VOC,2016,4781.437877014899,146472.75,0.032643873191531524
1350,AB,NH3,2017,124020.85788901642,4236279.75,0.02927588950871727
1351,AB,CO,2017,1009269.6788974762,4236279.75,0.23824434136991926
1352,AB,SOX,2017,241439.9996413067,4236279.75,0.05699340314843624
1353,AB,NOX,2017,627271.8514718515,4236279.75,0.14807139482982715
1354,AB,VOC,2017,474301.4225637558,4236279.75,0.11196178027755505
1355,BC,NH3,2017,20144.785616232846,4920498.0,0.004094054223014184
1356,BC,CO,2017,681319.8756605458,4920498.0,0.13846563410056173
1357,BC,SOX,2017,71916.754088719,4920498.0,0.014615747042010584
1358,BC,NOX,2017,215964.18070540996,4920498.0,0.04389071608308955
1359,BC,VOC,2017,142284.0831581869,4920498.0,0.028916602172826184
1360,ON,NH3,2017,87593.71242256698,14049773.75,0.006234528326306108
1361,ON,CO,2017,1260940.0232017273,14049773.75,0.08974806609976387
1362,ON,SOX,2017,175548.36930166202,14049773.75,0.01249474706321602
1363,ON,NOX,2017,269843.2429760107,14049773.75,0.019206234048858666
1364,ON,VOC,2017,336784.0428529576,14049773.75,0.023970780515448344
1365,MB,NH3,2017,57233.70401596893,1331974.0,0.04296908499412821
1366,MB,CO,2017,158551.77195684653,1331974.0,0.11903518533908809
1367,MB,SOX,2017,119304.97775974058,1331974.0,0.08957004998576593
1368,MB,NOX,2017,40879.0531936511,1331974.0,0.030690578940468134
1369,MB,VOC,2017,61764.25127347562,1331974.0,0.046370463142280265
1370,NB,NH3,2017,3768.891210774329,765996.5,0.00492024599430197
1371,NB,CO,2017,144053.1631754222,765996.5,0.1880598190401943
1372,NB,SOX,2017,20858.526426266064,765996.5,0.02723057667530604
1373,NB,NOX,2017,28405.157694397272,765996.5,0.03708262073573087
1374,NB,VOC,2017,28728.6981592341,765996.5,0.037504999251607676
1375,NS,NH3,2017,3444.455068224079,949279.5,0.003628494103395342
1376,NS,CO,2017,129933.43316210048,949279.5,0.13687584442948625
1377,NS,SOX,2017,66632.27048193001,949279.5,0.07019246753135405
1378,NS,NOX,2017,39944.11302766402,949279.5,0.04207834787084733
1379,NS,VOC,2017,31325.673186740845,949279.5,0.03299942028321569
1380,QC,NH3,2017,61538.068602033054,8292216.75,0.007421184281275939
1381,QC,CO,2017,1295457.7500027556,8292216.75,0.15622574627017022
1382,QC,SOX,2017,111807.5120737345,8292216.75,0.013483428550481933
1383,QC,NOX,2017,173583.1162206372,8292216.75,0.02093325843425851
1384,QC,VOC,2017,224124.34361083523,8292216.75,0.027028278489082576
1385,SK,NH3,2017,100484.2495976012,1148654.25,0.08747997893848493
1386,SK,CO,2017,315510.0551493471,1148654.25,0.2746780026708186
1387,SK,SOX,2017,124923.19612953252,1148654.25,0.10875613451961938
1388,SK,NOX,2017,143062.9198029895,1148654.25,0.12454828753124754
1389,SK,VOC,2017,297402.25650182134,1148654.25,0.2589136430756438
1390,NL,NH3,2017,914.0409876062596,528607.0,0.0017291503661628763
1391,NL,CO,2017,81791.60826765123,528607.0,0.1547304675640906
1392,NL,SOX,2017,22466.0622872428,528607.0,0.04250050091512749
1393,NL,NOX,2017,41551.71862543191,528607.0,0.07860606958559366
1394,NL,VOC,2017,21549.40385346929,528607.0,0.0407663989570121
1395,PE,NH3,2017,2582.1140867039926,149704.75,0.017248043810927795
1396,PE,CO,2017,21390.423187010885,149704.75,0.1428840647141182
1397,PE,SOX,2017,322.4608218025625,149704.75,0.002153978559815654
1398,PE,NOX,2017,4061.845976818248,149704.75,0.027132378744283318
1399,PE,VOC,2017,5229.042038930636,149704.75,0.034929032237992694
1400,AB,NH3,2018,130492.08344071465,4291624.75,0.03040621933236699
1401,AB,CO,2018,1001193.5531940853,4291624.75,0.23329009676209114
1402,AB,SOX,2018,225758.93672194,4291624.75,0.052604537878559864
1403,AB,NOX,2018,625976.446078691,4291624.75,0.14586001399089962
1404,AB,VOC,2018,501074.8373153089,4291624.75,0.11675644225775073
1405,BC,NH3,2018,20962.112257326105,5000358.25,0.0041921220859177655
1406,BC,CO,2018,693402.9002921798,5000358.25,0.13867064430677137
1407,BC,SOX,2018,73356.01798952006,5000358.25,0.014670152481478713
1408,BC,NOX,2018,223692.23969135195,5000358.25,0.04473524265813394
1409,BC,VOC,2018,141676.0150762879,5000358.25,0.028333172943416186
1410,ON,NH3,2018,87464.84544739642,14281018.25,0.006124552459513622
1411,ON,CO,2018,1282041.265185947,14281018.25,0.08977239877037109
1412,ON,SOX,2018,145351.3765603188,14281018.25,0.010177942077786982
1413,ON,NOX,2018,277779.95817863184,14281018.25,0.01945099105090996
1414,ON,VOC,2018,352142.71332500054,14281018.25,0.024658095603582085
1415,MB,NH3,2018,58363.658370399615,1350566.5,0.04321420557255019
1416,MB,CO,2018,175415.19851004114,1350566.5,0.1298826814599956
1417,MB,SOX,2018,40253.06972837922,1350566.5,0.029804581802065442
1418,MB,NOX,2018,43003.84924884436,1350566.5,0.031841341576919285
1419,MB,VOC,2018,64355.55982619489,1350566.5,0.04765078937334436
1420,NB,NH3,2018,3666.7093767029855,769856.25,0.004762849397797297
1421,NB,CO,2018,135304.17746888893,769856.25,0.175752521940153
1422,NB,SOX,2018,22209.847969806466,769856.25,0.028849344237715114
1423,NB,NOX,2018,27771.219372212767,769856.25,0.03607325311993345
1424,NB,VOC,2018,28217.943814127648,769856.25,0.03665352306242581
1425,NS,NH3,2018,3553.9920679907227,957577.25,0.003711441628328913
1426,NS,CO,2018,133325.25577741535,957577.25,0.1392318539077817
1427,NS,SOX,2018,64729.47057985132,957577.25,0.06759712658153827
1428,NS,NOX,2018,40218.41774155385,957577.25,0.0420001809165306
1429,NS,VOC,2018,32036.74743395419,957577.25,0.03345604486108478
1430,QC,NH3,2018,66137.22237146636,8388648.75,0.007884132992392412
1431,QC,CO,2018,1267079.3878455244,8388648.75,0.15104689987711362
1432,QC,SOX,2018,96665.26219030752,8388648.75,0.011523341252106606
1433,QC,NOX,2018,173272.6660459863,8388648.75,0.020655611077527388
1434,QC,VOC,2018,233618.2548453813,8388648.75,0.027849330900329008
1435,SK,NH3,2018,102697.63735440078,1160701.5,0.08847893911949005
1436,SK,CO,2018,303197.20344263007,1160701.5,0.2612189296237061
1437,SK,SOX,2018,123894.91956025518,1160701.5,0.10674141418810536
1438,SK,NOX,2018,146170.15267162566,1160701.5,0.12593259565153114
1439,SK,VOC,2018,288691.1464797793,1160701.5,0.24872126595837024
1440,NL,NH3,2018,923.7939728304156,526307.0,0.0017552378608500657
1441,NL,CO,2018,84396.20982526918,526307.0,0.16035547660447075
1442,NL,SOX,2018,18589.12775885592,526307.0,0.03531993258470041
1443,NL,NOX,2018,40353.207807653314,526307.0,0.07667237526320819
1444,NL,VOC,2018,21469.79463172053,526307.0,0.04079329104822951
1445,PE,NH3,2018,2692.1390421653387,153025.75,0.017592719148021418
1446,PE,CO,2018,20655.81457330117,153025.75,0.13498260634763215
1447,PE,SOX,2018,314.5218496758175,153025.75,0.0020553524467340793
1448,PE,NOX,2018,4163.778412021345,153025.75,0.027209658583743877
1449,PE,VOC,2018,5244.752020482734,153025.75,0.0342736566916531
1450,AB,NH3,2019,131440.5311861856,4355711.25,0.030176594278646364
1451,AB,CO,2019,992062.7619323296,4355711.25,0.22776137007069272
1452,AB,SOX,2019,221287.8184768282,4355711.25,0.050804060640343915
1453,AB,NOX,2019,625636.7223761571,4355711.25,0.14363594978343824
1454,AB,VOC,2019,492636.6127706006,4355711.25,0.11310130183000551
1455,BC,NH3,2019,21088.673201511338,5084827.75,0.004147372190043476
1456,BC,CO,2019,679666.7428935495,5084827.75,0.13366563752204771
1457,BC,SOX,2019,68922.92225545063,5084827.75,0.013554622819907838
1458,BC,NOX,2019,220584.65206492456,5084827.75,0.04338094875778724
1459,BC,VOC,2019,139949.588154865,5084827.75,0.027522975218750526
1460,ON,NH3,2019,88773.94820957218,14519330.5,0.006114190196963433
1461,ON,CO,2019,1280203.8205470282,14519330.5,0.08817237272386824
1462,ON,SOX,2019,111352.91708671878,14519330.5,0.00766928730541114
1463,ON,NOX,2019,271466.7589484966,14519330.5,0.018696919871649495
1464,ON,VOC,2019,347154.5776211452,14519330.5,0.023909819920494624
1465,MB,NH3,2019,59197.97871464723,1367630.5,0.043285067651421365
1466,MB,CO,2019,175841.30822345673,1367630.5,0.12857369605566468
1467,MB,SOX,2019,2036.0494274113016,1367630.5,0.0014887423375036617
1468,MB,NOX,2019,41662.90579090606,1367630.5,0.030463568771613426
1469,MB,VOC,2019,63751.36961581039,1367630.5,0.04661446905126084
1470,NB,NH3,2019,3660.218030763608,776155.5,0.004715830823544519
1471,NB,CO,2019,125653.49784785636,776155.5,0.16189216960758038
1472,NB,SOX,2019,19590.97929139317,776155.5,0.025241049366258657
1473,NB,NOX,2019,26794.5082908475,776155.5,0.03452208776572156
1474,NB,VOC,2019,26479.740130416994,776155.5,0.034116539959347054
1475,NS,NH3,2019,3480.096009492529,969091.0,0.003591093106315639
1476,NS,CO,2019,122440.59820813734,969091.0,0.12634582119546806
1477,NS,SOX,2019,52819.356216597065,969091.0,0.054504021001739844
1478,NS,NOX,2019,39106.6926944727,969091.0,0.04035399430442828
1479,NS,VOC,2019,30892.15349106558,969091.0,0.03187745370771742
1480,QC,NH3,2019,62828.06001226904,8490003.75,0.007400239371186266
1481,QC,CO,2019,1262748.9517268634,8490003.75,0.14873361530928222
1482,QC,SOX,2019,92153.69684401766,8490003.75,0.010854376459376435
1483,QC,NOX,2019,175924.23218355278,8490003.75,0.020721337394409605
1484,QC,VOC,2019,234461.6543031893,8490003.75,0.02761620150087558
1485,SK,NH3,2019,101232.24785602144,1171687.5,0.08639867529185166
1486,SK,CO,2019,297914.2473161422,1171687.5,0.25426083944408573
1487,SK,SOX,2019,122700.54781818629,1171687.5,0.10472122286717771
1488,SK,NOX,2019,144583.9461762432,1171687.5,0.12339804442416873
1489,SK,VOC,2019,276055.140254964,1171687.5,0.23560474977753368
1490,NL,NH3,2019,935.516643779568,524052.0,0.0017851599531717615
1491,NL,CO,2019,84004.39281666109,524052.0,0.16029781933216758
1492,NL,SOX,2019,20690.211060274352,524052.0,0.03948121762778189
1493,NL,NOX,2019,41859.573454461606,524052.0,0.07987675546407914
1494,NL,VOC,2019,20593.368329911234,524052.0,0.03929642159539747
1495,PE,NH3,2019,2890.2042042704043,156841.75,0.018427518210364296
1496,PE,CO,2019,21067.99997596865,156841.75,0.13432647860642113
1497,PE,SOX,2019,320.0485112346038,156841.75,0.0020405823783182972
1498,PE,NOX,2019,4182.269508062997,156841.75,0.026665537129386768
1499,PE,VOC,2019,5424.803942804478,156841.75,0.034587754490143584
1500,AB,NH3,2020,133161.78812024335,4415366.5,0.03015871686308336
1501,AB,CO,2020,890235.0708604576,4415366.5,0.2016220105081781
1502,AB,SOX,2020,182536.32978225523,4415366.5,0.04134115022665847
1503,AB,NOX,2020,567697.196882858,4415366.5,0.12857306338734464
1504,AB,VOC,2020,456932.64826396375,4415366.5,0.10348691286758727
1505,BC,NH3,2020,22697.67325284205,5150767.0,0.004406658902031882
1506,BC,CO,2020,645152.2971299121,5150767.0,0.12525363642539297
1507,BC,SOX,2020,69915.38885010494,5150767.0,0.013573782089173309
1508,BC,NOX,2020,209468.75310248425,5150767.0,0.040667487599901964
1509,BC,VOC,2020,131210.9765895798,5150767.0,0.025474065627425935
1510,ON,NH3,2020,91940.16956188958,14726116.5,0.0062433411797258006
1511,ON,CO,2020,1128215.7986825088,14726116.5,0.07661326043987964
1512,ON,SOX,2020,112762.00341707269,14726116.5,0.007657280411782203
1513,ON,NOX,2020,229260.22290267915,14726116.5,0.015568274426097277
1514,ON,VOC,2020,308194.95906583115,14726116.5,0.02092846128616673
1515,MB,NH3,2020,62579.30676476699,1379602.0,0.04536040594661865
1516,MB,CO,2020,168297.51026368298,1379602.0,0.12198990017677779
1517,MB,SOX,2020,1934.7061127179136,1379602.0,0.0014023654015563282
1518,MB,NOX,2020,38722.51151862305,1379602.0,0.028067885896528887
1519,MB,VOC,2020,60968.97021455503,1379602.0,0.044193158762132145
1520,NB,NH3,2020,3649.870430828568,782341.75,0.004665314654150271
1521,NB,CO,2020,110068.348905133,782341.75,0.14069087953587162
1522,NB,SOX,2020,12464.550380639332,782341.75,0.015932359970101725
1523,NB,NOX,2020,23737.029064915623,782341.75,0.030340997479574142
1524,NB,VOC,2020,23965.50653908715,782341.75,0.0306330405338679
1525,NS,NH3,2020,3484.3019490912147,980033.75,0.003555287712378492
1526,NS,CO,2020,116101.35871818698,980033.75,0.1184666943543393
1527,NS,SOX,2020,53271.94300725919,980033.75,0.05435725352036008
1528,NS,NOX,2020,33829.79038868492,980033.75,0.03451900548188766
1529,NS,VOC,2020,27927.4974219095,980033.75,0.028496464965527463
1530,QC,NH3,2020,63662.458882374594,8572519.75,0.007426341465398735
1531,QC,CO,2020,1195876.6866946823,8572519.75,0.1395011876985973
1532,QC,SOX,2020,99173.62223845931,8572519.75,0.011568783173519
1533,QC,NOX,2020,154850.47104666324,8572519.75,0.01806358871866854
1534,QC,VOC,2020,211654.48402008583,8572519.75,0.02468988001107677
1535,SK,NH3,2020,101701.09717219404,1179189.5,0.08624661021167
1536,SK,CO,2020,278134.9378534839,1179189.5,0.23586958487459725
1537,SK,SOX,2020,106403.94824789609,1179189.5,0.09023481658197947
1538,SK,NOX,2020,129511.8784305268,1179189.5,0.10983126836740559
1539,SK,VOC,2020,213057.76851824767,1179189.5,0.18068153466278972
1540,NL,NH3,2020,930.0339937484376,521827.5,0.0017822632838408049
1541,NL,CO,2020,84009.58398031251,521827.5,0.16099110142779466
1542,NL,SOX,2020,11521.835143597256,521827.5,0.022079777596231046
1543,NL,NOX,2020,37882.78135900267,521827.5,0.07259636826154749
1544,NL,VOC,2020,19427.865916746152,521827.5,0.037230437101812675
1545,PE,NH3,2020,3203.4491502982933,160633.75,0.019942565932117587
1546,PE,CO,2020,20300.249504668816,160633.75,0.12637599199837404
1547,PE,SOX,2020,270.90450446877423,160633.75,0.0016864731382338657
1548,PE,NOX,2020,3301.916250755691,160633.75,0.020555557289521607
1549,PE,VOC,2020,5016.071168287363,160633.75,0.031226757566746487
